Workbook

Sheet Items
A1: Quantity tracker - items
A2: Unit MT · data as on 30-Sep-2026 · Fill orange cells. % columns are formulas. Import back with Qty & Liquidation → Import Excel.
A3: ID | B3: Item / building | C3: Building | D3: WBS | E3: EPC | F3: Vendor | G3: Unit | H3: Scope | I3: Scope note | J3: Drawings released | K3: Supplied till date | L3: Erected till date | M3: Supply last month | N3: Erection last month | O3: Target supply finish (mmm-yy) | P3: Target erection finish (mmm-yy) | Q3: Status (auto / ON TRACK / AT RISK / DELAYED) | R3: Drawings % | S3: Supplied % | T3: Erected % | U3: Balance to erect
A4: qmul33cej9ge | B4: Additive Grinding Building | C4: Additive Grinding Building | D4: Pellet Plant-1 | E4: Construction | F4: KBL | G4: MT | H4: 2000 | I4: + TS 160.9 MT (silos 132.3 + liner 28.6) | J4: 1399 | K4: 12 | L4: 0 | M4: 12 | N4: 0 | Q4: auto | R4: =IF(H4>0,J4/H4,"") | S4: =IF(H4>0,K4/H4,"") | T4: =IF(H4>0,L4/H4,"") | U4: =H4-L4
A5: qmul33cej47p | B5: Screen House | C5: Screen House | D5: Pellet Plant-2 | E5: Construction | F5: Samal Brothers | G5: MT | H5: 1019 | I5: + TS: equipment, crane & conveyor supports | J5: 1019 | K5: 0 | L5: 0 | M5: 0 | N5: 0 | Q5: auto | R5: =IF(H5>0,J5/H5,"") | S5: =IF(H5>0,K5/H5,"") | T5: =IF(H5>0,L5/H5,"") | U5: =H5-L5
A6: qmul33cej833 | B6: Return Fines Building | C6: Return Fines Building | D6: Filtration Plant | E6: Construction | F6: Vrinda Bhillai (site fabrication) | G6: MT | H6: 393 | I6: + TS 66.3 MT (bins, liner, weighing bins) | J6: 393 | K6: 0 | L6: 0 | M6: 0 | N6: 0 | Q6: auto | R6: =IF(H6>0,J6/H6,"") | S6: =IF(H6>0,K6/H6,"") | T6: =IF(H6>0,L6/H6,"") | U6: =H6-L6

Sheet Plan
A1: Monthly liquidation plan (MT)
A2: One row per item and stage. Months start after the data-as-on month. Check turns red when the plan total does not equal the balance (scope − done).
A3: ID | B3: Item | C3: Stage | D3: Balance | E3: Oct-26 | F3: Nov-26 | G3: Dec-26 | H3: Jan-27 | I3: Feb-27 | J3: Mar-27 | K3: Apr-27 | L3: May-27 | M3: Jun-27 | N3: Jul-27 | O3: Aug-27 | P3: Sep-27 | Q3: Plan total | R3: Check
A4: qmul33cej9ge | B4: Additive Grinding Building | C4: Supply | D4: =Items!H4-Items!K4 | E4: 250 | F4: 300 | G4: 500 | H4: 520 | I4: 430 | Q4: =SUM(E4:P4) | R4: =IF(ABS(Q4-D4)<=1,"OK","Plan " & TEXT(Q4,"#,##0") & " vs balance " & TEXT(D4,"#,##0"))
A5: qmul33cej9ge | B5: Additive Grinding Building | C5: Erection | D5: =Items!H4-Items!L4 | F5: 150 | G5: 250 | H5: 250 | I5: 250 | J5: 250 | K5: 250 | L5: 300 | M5: 300 | Q5: =SUM(E5:P5) | R5: =IF(ABS(Q5-D5)<=1,"OK","Plan " & TEXT(Q5,"#,##0") & " vs balance " & TEXT(D5,"#,##0"))
A6: qmul33cej47p | B6: Screen House | C6: Supply | D6: =Items!H5-Items!K5 | E6: 250 | F6: 250 | G6: 250 | H6: 269 | Q6: =SUM(E6:P6) | R6: =IF(ABS(Q6-D6)<=1,"OK","Plan " & TEXT(Q6,"#,##0") & " vs balance " & TEXT(D6,"#,##0"))
A7: qmul33cej47p | B7: Screen House | C7: Erection | D7: =Items!H5-Items!L5 | E7: 50 | F7: 180 | G7: 200 | H7: 166 | I7: 168 | J7: 160 | K7: 95 | Q7: =SUM(E7:P7) | R7: =IF(ABS(Q7-D7)<=1,"OK","Plan " & TEXT(Q7,"#,##0") & " vs balance " & TEXT(D7,"#,##0"))
A8: qmul33cej833 | B8: Return Fines Building | C8: Supply | D8: =Items!H6-Items!K6 | E8: 120 | F8: 120 | G8: 120 | H8: 33 | Q8: =SUM(E8:P8) | R8: =IF(ABS(Q8-D8)<=1,"OK","Plan " & TEXT(Q8,"#,##0") & " vs balance " & TEXT(D8,"#,##0"))
A9: qmul33cej833 | B9: Return Fines Building | C9: Erection | D9: =Items!H6-Items!L6 | F9: 50 | G9: 50 | H9: 110 | I9: 120 | J9: 63 | Q9: =SUM(E9:P9) | R9: =IF(ABS(Q9-D9)<=1,"OK","Plan " & TEXT(Q9,"#,##0") & " vs balance " & TEXT(D9,"#,##0"))

Sheet Fronts
A1: Work fronts (rows of the work-front table)
A2: Category: front, supply, erection, ts, handover. Months as mmm-yy (e.g. Oct-26).
A3: ID | B3: Front | C3: Category | D3: From | E3: To
A4: qmul33cej9ge | B4: Drawing / PO closure | C4: front | D4: Oct-26 | E4: Nov-26
A5: qmul33cej9ge | B5: Fabrication & supply | C5: supply | D5: Oct-26 | E5: Feb-27
A6: qmul33cej9ge | B6: Ground assembly | C6: erection | D6: Oct-26 | E6: Jan-27
A7: qmul33cej9ge | B7: Main frame erection | C7: erection | D7: Nov-26 | E7: Jun-27
A8: qmul33cej9ge | B8: Silos / liners (TS) | C8: ts | D8: Apr-27 | E8: Jun-27
A9: qmul33cej9ge | B9: Alignment / handover | C9: handover | D9: May-27 | E9: Jun-27
A10: qmul33cej47p | B10: Foundation release | C10: front | D10: Oct-26 | E10: Oct-26
A11: qmul33cej47p | B11: Material receipt | C11: supply | D11: Oct-26 | E11: Jan-27
A12: qmul33cej47p | B12: Starter bay / bracing | C12: erection | D12: Oct-26 | E12: Nov-26
A13: qmul33cej47p | B13: Lower tiers | C13: erection | D13: Nov-26 | E13: Jan-27
A14: qmul33cej47p | B14: Screen / crane levels | C14: erection | D14: Dec-26 | E14: Mar-27
... A22: qmul33cej833 | B22: Handover | C22: handover | D22: Mar-27 | E22: Mar-27

Sheet Concerns
A1: Your own concerns & actions (the engine adds its automatic ones)
A2: Tag e.g. SUPPLY / DRAWINGS / ERECTION / FRONT / INTERFACE. Severity high or med.
A3: ID | B3: Tag | C3: Severity | D3: Concern | E3: Action
A4: qmul33cej47p | B4: FRONT | C4: high | D4: Erection starts first and needs surveyed starter-bay foundations now. | E4: Release surveyed starter-bay foundations / anchor bolts.
A5: qmul33cej833 | B5: INTERFACE | C5: med | D5: Bin-support and conveyor interface not yet frozen. | E5: Freeze bin-support and conveyor interface.

Sheet Engine summary
A1: Engine summary by building
A2: Calculated by Schedule Engine - not an input sheet.
A3: Group | B3: Status | C3: Scope | D3: Drawings | E3: Supplied | F3: Erected | G3: Tag | H3: Concern / action
A4: Additive Grinding Building | B4: AT RISK | C4: 2000 | D4: 1399 | E4: 12 | F4: 0 | G4: DRAWINGS | H4: Only 1,399 of 2,000 MT drawings released; 601 MT (30%) pending. Cumulative supply crosses 1,399 MT in Jan-27. → Close balance drawings / PO by Nov-26 to feed Jan-27 fabrication.
G5: SUPPLY | H5: Oct-26–Feb supply plan totals 2,000 MT but the balance is 1,988 MT (12 MT already done) - quantities not reconciled against scope. → Reconcile the supply plan against scope and the Sep-26 actual.
G6: SUPPLY | H6: Dispatch must jump from 12 MT in Sep-26 to 520 MT/month; Dec and Jan-27 alone need 1,020 MT. → Lock fabrication lot plan; weekly dispatch vs 250/300/500/520/430 MT.
G7: ERECTION | H7: Erection starts Nov-26 and must hold 150–300 MT/month for 8 months. → Mobilise crane and erection crew before Nov-26.
A8: Screen House | B8: AT RISK | C8: 1019 | D8: 1019 | E8: 0 | F8: 0 | G8: SUPPLY | H8: Dispatch must jump from 0 MT in Sep-26 to 269 MT/month; Oct and Jan-27 alone need 519 MT. → Lock fabrication lot plan; weekly dispatch vs 250/250/250/269 MT.
G9: FRONT | H9: Erection starts first and needs surveyed starter-bay foundations now. → Release surveyed starter-bay foundations / anchor bolts.
G10: ERECTION | H10: Erection starts Oct-26 and must hold 50–200 MT/month for 7 months. → Mobilise crane and erection crew before Oct-26.
A11: Return Fines Building | B11: AT RISK | C11: 393 | D11: 393 | E11: 0 | F11: 0 | G11: SUPPLY | H11: Dispatch must jump from 0 MT in Sep-26 to 120 MT/month; Oct and Nov alone need 240 MT. → Lock fabrication lot plan; weekly dispatch vs 120/120/120/33 MT.
G12: ERECTION | H12: Erection starts Nov-26 and must hold 50–120 MT/month for 5 months. → Mobilise crane and erection crew before Nov-26.
G13: INTERFACE | H13: Bin-support and conveyor interface not yet frozen. → Freeze bin-support and conveyor interface.
