Workbook

Sheet Read Me
B1: CHILLER PLANT – 4D BIM CONSTRUCTION SCHEDULE
B2: JSW Utkal Steel Ltd – 816 m² Pelletizing Plant-1 (PP-1), Paradeep, Odisha | Chiller Plant (combined for PP-1 & PP-2)
B3: Owner: JSW Utkal Steel Ltd | Technology: Primetals Technologies | Engineering & construction partner: L&T Construction (Minerals & Metals)
B5: GENERAL
B6: P6 reference schedule | C6: NEWPROJ-24_DD_2026-10-02_6.xer (and Schedule Engine export NEWPROJ-24_DD_2026-10-02_3_1.xlsx) – WBS Pellet Plant-1 › Utilities › Chiller Plant (19 activities)
B7: Data Date (input) | C7: 46297 | D7: ← change for every progress update (all sheets follow)
B8: Next working day (formula) | C8: =INDEX(WorkDays,MATCH(DataDate,WorkDays,1)+1) -> 46298
B9: Calendar | C9: JSW USL Calender – Mon–Sat working, Sunday off, 10 h/day, holidays per XER (see Calendar sheet)
B11: SHEETS
B12: 4D Schedule | C12: Hierarchy = P6: Lvl 1 Chiller Plant › Lvl 2 Engineering / Procurement / Construction › Lvl 3 GROUP = each of the 18 P6 activities (dates identical to P6 for baseline, actual & current) › Lvl 4 = 126 detailed activities sequenced inside their group (+ 2 groups of additional scope not in P6). Each construction activity carries BIM category, element marks, zone, level, drawing, selection set and TimeLiner task type.
B13: BIM Element Map | C13: 411 model elements (53 piles, 35 pile caps, 29 pile cap beams, 116 column segments, plinth/floor/roof beams & slabs, stairs, trenches, F1/F2 foundations, equipment …) each linked to one 4D activity, with live dates & status.
B14: TimeLiner Import | C14: Flat, CSV-ready task table for Navisworks TimeLiner / Synchro / Fuzor (also delivered as a separate .csv). Planned = current schedule, Actual = site actuals, Baseline = P6 BL.
B15: Gantt | C15: Weekly bar chart of the current schedule with data-date line (conditional formatting – updates automatically).
B16: P6 Roll-up | C16: For every P6 activity: P6 BL / current / actual dates vs the group roll-up in the 4D Schedule (Δ in working days, "✔ Same as P6") + progress summary (activities, elements, RCC quantity).
B17: Calendar | C17: Working-day list (named range WorkDays) and holidays from the XER.
B19: HOW TO UPDATE (monthly / weekly)
B20: 1. Set the new Data Date in C7.
B21: 2. In 4D Schedule enter Actual Start / Actual Finish / % Complete (yellow cells) from DPR, pour cards and pile register. Replace the blue ASSUMED actual dates with real ones.
B22: 3. Current Start/Finish of all remaining activities re-plan automatically (Pred-1/Pred-2 logic, FS/SS + lag in working days, SNET, project calendar). Change durations, logic or SNET in the blue cells if the site sequence differs.
B23: 4. Check P6 Roll-up: detailed finish dates should match the updated P6 dates (Δ = 0) – otherwise adjust durations / SNET or report the variance.
B24: 5. Re-export TimeLiner Import (File › Save As › CSV) or refresh the Excel/CSV data source in Navisworks / Synchro and re-run the simulation.
B26: HOW TO LINK WITH THE BIM MODEL (4D)
B27: A. Revit / Tekla: create text parameters 4D_Element_ID and 4D_Activity_ID (shared, instance) on all categories used. Fill them from BIM Element Map (columns A & J) – e.g. Dynamo "Data.ImportExcel" + "Element.SetParameterByName", or Tekla UDA import. Split columns at EL -0.300 / +4.000 / +9.150 (construction joints) so each lift is a separate element.
B28: B. Navisworks: append the model (NWC), TimeLiner › Data Sources › Add › CSV Import (TimeLiner Import .csv) – map Display ID, Task Name, Task Type, Planned Start/End, Actual Start/End; Rebuild Task Hierarchy.
B29: C. TimeLiner › Auto-Attach Using Rules › New rule: "Map TimeLiner tasks from column Display ID to items with property 4D_Activity_ID (category Element)". Alternatively create Search Sets named exactly as the Activity ID (column J of 4D Schedule) and use the "Selection Sets with the same name" rule.
B30: D. Simulate › Settings: show Planned vs Actual (Actual dates = site actuals; Planned = current schedule; Baseline columns can be mapped to Planned for BL-vs-actual comparison). Task types: Construct (appear), Demolish (excavation – disappear), Temporary.
B31: E. Synchro 4D / Fuzor: import the same CSV / Excel, link resources by the 4D_Activity_ID user field.
... B43: COLOUR LEGEND
C44: Site input cell (Actual Start / Finish / % Complete, Data Date)
B45: Abc | C45: Blue text = input / assumed value (logic, durations, SNET, assumed actuals)
C46: Lvl 3 GROUP row = P6 activity (roll-up = P6 dates)
C47: Lvl 2 phase row (Engineering / Procurement / Construction)
C48: Milestone
C49: Status Completed
C50: Status In Progress
C51: Not Started (Late) – baseline start already passed
B53: DRAWINGS USED
B54: O24091-990-C-B-19530-001 | C54: R0 | D54: Chiller Plant – Layout & detail of pile (P1–P53, 600Ø bored cast-in-situ, L = 26 m)
B55: O24091-990-C-B-19531-001 | C55: R0 | D55: Layout & detail of pile cap (PC1 ×17, PC2 ×18), pile cap beam (PCB1/2/3) & column schedule (C1–C9, SC1)
B56: O24091-990-C-B-19531-002 | C56: R0 | D56: GA & RC detail of plinth beam (PB1–PB10) at EL(-)0.300 TOB
B57: O24091-990-C-B-19531-003 | C57: R0 | D57: GA & RC detail of floor beam (FB1–FB14, TB1) & 150 thk slab at EL(+)4.000 TOC
B58: O24091-990-C-B-19531-004 | C58: R0 | D58: GA & RC detail of roof plan at EL(+)9.150 & EL(+)12.150 TOC (RB1–RB16, monorails MR-1/MR-2)
B59: O24091-990-C-B-19531-005 | C59: R0 | D59: GA & RC detail of staircase ST-1 & ST-2 and sectional elevations
B60: O24091-990-C-B-19531-006 | C60: R0 | D60: GA & RC detail of lintel beams (LB1–LB12) & chajja
B61: O24091-990-C-B-19531-007 | C61: R0 | D61: GA & RC detail of grade slab, chiller foundation F1, pump foundation F2, cable trench & cable pit
B62: O24091-990-C-B-19531-008 | C62: R0 | D62: Sections & details for grade slab / trench / pit / F1 / F2 (read with 19531-007)
B64: ZONES & GRID KEY (column mark / pile cap at each grid intersection)
B65: Z1 | C65: Zone-1 : Grid 1 to 3 (column lines 1, 2, 3 incl. SC1)
B66: Z2 | C66: Zone-2 : Grid 3 to 5 (column lines 4, 5)
B67: Z3 | C67: Zone-3 : Grid 5 to 6 (column lines 5.1, 6)
B69: Row \ Grid | C69: 6 | D69: 5.1 | E69: 5 | F69: 4 | G69: 3 | H69: 2 | I69: 1
B70: E | C70: C1 / PC1 * | D70: C1 / PC2 * | E70: C9 / PC2 | F70: C9 / PC2 | G70: C9 / PC2 | H70: C1 / PC2 * | I70: C1 / PC1 *
B71: D.2 | H71: C1 / PC2 * | I71: C1 / PC2 *
B72: D.1 | C72: C1 / PC1 * | D72: C1 / PC2 *
B73: D | C73: C2 / PC2 | E73: C8 / PC2 | F73: C8 / PC2 | G73: C8 / PC2 | H73: C7 / PC2 | I73: C7 / PC2
B74: C | C74: C3 / PC1 | E74: C6 / PC1 | F74: C5 / PC1 | G74: C4 / PC1 | H74: C4 / PC1 | I74: C6 / PC1
B75: B | C75: C3 / PC2 | E75: C6 / PC2 | F75: C4 / PC1 | G75: C4 / PC1 | H75: C4 / PC1 | I75: C3 / PC2
B76: A | C76: C3 / PC1 | E76: C3 / PC2 | F76: C4 / PC1 | G76: C4 / PC1 | H76: C4 / PC1 | I76: C6 / PC1
B77: SC1 (500×600) on PCB3 at Grid 1, 2400 S of Row B. * = column continues to mumty roof EL +12.150 (ST-1: Grid 6–5.1, ST-2: Grid 2–1).

Sheet 4D Schedule
A1: CHILLER PLANT (Combined for PP-1 & PP-2) – 4D BIM CONSTRUCTION SCHEDULE (detailed, element-linked)
A2: JSW Utkal Steel Ltd – 816 m² Pelletizing Plant-1 (PP-1), Paradeep | P6 reference: NEWPROJ-24 (XER, Data Date 02-Oct-2026), WBS Pellet Plant-1 › Utilities › Chiller Plant | Drawings O24091-990-C-B-19530-001 & 19531-001…008 (R0) | AD2: Data Date: | AE2: =DataDate -> 46297
A3: Structure: Lvl 1 project › Lvl 2 phase › Lvl 3 GROUP = P6 activity (dates = P6 BL / actual / current) › Lvl 4 detailed activities sequenced inside the group. Yellow = site input (Actual Start / Finish / % Complete); blue text = assumed / logic inputs. Use outline buttons 1–4 (left margin) to collapse to group level.
A4: ACTIVITY | E4: BIM / 4D LINK | N4: P6 GROUP & QUANTITY | Q4: LOGIC (working days) | Y4: BASELINE (P6 BL) | AA4: ACTUAL – SITE INPUT | AD4: CURRENT SCHEDULE | AG4: ANALYSIS
A5: Activity ID / P6 Group | B5: Lvl | C5: Activity Name | D5: Work Package | E5: Zone | F5: Grid / Location | G5: Level / Elevation | H5: BIM Category | I5: Element Marks | J5: No. of BIM Elements | K5: Selection / Search Set (TimeLiner) | L5: TimeLiner Task Type | M5: Drawing Ref. | N5: P6 Group (parent) | O5: Qty (approx) | P5: Unit | Q5: Orig Dur (wd) | R5: Pred-1 | S5: Rel-1 | T5: Lag-1 (wd) | U5: Pred-2 | V5: Rel-2 | W5: Lag-2 (wd) | X5: Start No Earlier Than | Y5: BL Start | Z5: BL Finish | AA5: Actual Start | AB5: Actual Finish | AC5: % Complete | AD5: Remaining Dur (wd) | AE5: Current Start | AF5: Current Finish | AG5: Status | AH5: Finish Var vs BL (wd, + = late) | AI5: Qty Done | AJ5: Remarks / P6 check
A6: CHP | B6: 1 | C6: CHILLER PLANT (combined for PP-1 & PP-2) – P6 WBS: Pellet Plant-1 › Utilities › Chiller Plant | J6: =SUMIF($B$7:$B$156,4,$J$7:$J$156) -> 411 | Y6: =MIN($Y$7:$Y$156) -> 46042 | Z6: =MAX($Z$7:$Z$156) -> 46522 | AA6: =IF(COUNT($AA$7:$AA$156)=0,"",MIN($AA$7:$AA$156)) -> 45950 | AB6: =IF(COUNTIFS($B$7:$B$156,4,$AG$7:$AG$156,"Completed")=COUNTIF($B$7:$B$156,4),MAX($AB$7:$AB$156),"") | AC6: =IFERROR(IFERROR(SUMPRODUCT(--($B$7:$B$156=4),$Q$7:$Q$156,$AC$7:$AC$156)/SUMIF($B$7:$B$156,4,$Q$7:$Q$156),AVERAGEIF($B$7:$B$156,4,$AC$7:$AC$156)),"") -> 0.52619263 | AE6: =MIN($AE$7:$AE$156) -> 45950 | AF6: =MAX($AF$7:$AF$156) -> 46510 | AG6: =IF(COUNTIFS($B$7:$B$156,4,$AG$7:$AG$156,"Completed")=COUNTIF($B$7:$B$156,4),"Completed",IF(COUNTIFS($B$7:$B$156,4,$AG$7:$AG$156,"Not Started*")=COUNTIF($B$7:$B$156,4),"Not Started","In Progress")) -> In Progress | AH6: =MATCH($AF6,WorkDays,1)-MATCH($Z6,WorkDays,1) -> -11
A7: CHP.E | B7: 2 | C7: ENGINEERING | J7: =SUMIF($B$8:$B$29,4,$J$8:$J$29) -> 0 | Y7: =MIN($Y$8:$Y$29) -> 46042 | Z7: =MAX($Z$8:$Z$29) -> 46396 | AA7: =IF(COUNT($AA$8:$AA$29)=0,"",MIN($AA$8:$AA$29)) -> 45950 | AB7: =IF(COUNTIFS($B$8:$B$29,4,$AG$8:$AG$29,"Completed")=COUNTIF($B$8:$B$29,4),MAX($AB$8:$AB$29),"") | AC7: =IFERROR(IFERROR(SUMPRODUCT(--($B$8:$B$29=4),$Q$8:$Q$29,$AC$8:$AC$29)/SUMIF($B$8:$B$29,4,$Q$8:$Q$29),AVERAGEIF($B$8:$B$29,4,$AC$8:$AC$29)),"") -> 0.45734266 | AE7: =MIN($AE$8:$AE$29) -> 45950 | AF7: =MAX($AF$8:$AF$29) -> 46367 | AG7: =IF(COUNTIFS($B$8:$B$29,4,$AG$8:$AG$29,"Completed")=COUNTIF($B$8:$B$29,4),"Completed",IF(COUNTIFS($B$8:$B$29,4,$AG$8:$AG$29,"Not Started*")=COUNTIF($B$8:$B$29,4),"Not Started","In Progress")) -> In Progress | AH7: =MATCH($AF7,WorkDays,1)-MATCH($Z7,WorkDays,1) -> -23
A8: JSW USL-BE-CHI-1000 | B8: 3 | C8: Basic drawings from TS - Inputs | J8: =SUMIF($B$9:$B$9,4,$J$9:$J$9) -> 0 | O8: =IF(SUMIF($B$9:$B$9,4,$O$9:$O$9)=0,"",SUMIF($B$9:$B$9,4,$O$9:$O$9)) | Y8: =MIN($Y$9:$Y$9) -> 46042 | Z8: =MAX($Z$9:$Z$9) -> 46042 | AA8: =IF(COUNT($AA$9:$AA$9)=0,"",MIN($AA$9:$AA$9)) -> 45950 | AB8: =IF(COUNTIFS($B$9:$B$9,4,$AG$9:$AG$9,"Completed")=COUNTIF($B$9:$B$9,4),MAX($AB$9:$AB$9),"") -> 45950 | AC8: =IFERROR(IF(SUMIF($B$9:$B$9,4,$O$9:$O$9)>0,SUMIF($B$9:$B$9,4,$AI$9:$AI$9)/SUMIF($B$9:$B$9,4,$O$9:$O$9),IFERROR(SUMPRODUCT(--($B$9:$B$9=4),$Q$9:$Q$9,$AC$9:$AC$9)/SUMIF($B$9:$B$9,4,$Q$9:$Q$9),AVERAGEIF($B$9:$B$9,4,$AC$9:$AC$9))),"") -> 1 | AE8: =MIN($AE$9:$AE$9) -> 45950 | AF8: =MAX($AF$9:$AF$9) -> 45950 | AG8: =IF(COUNTIFS($B$9:$B$9,4,$AG$9:$AG$9,"Completed")=COUNTIF($B$9:$B$9,4),"Completed",IF(COUNTIFS($B$9:$B$9,4,$AG$9:$AG$9,"Not Started*")=COUNTIF($B$9:$B$9,4),"Not Started","In Progress")) -> Completed | AH8: =MATCH($AF8,WorkDays,1)-MATCH($Z8,WorkDays,1) -> -77 | AI8: =IF(SUMIF($B$9:$B$9,4,$O$9:$O$9)=0,"",SUMIF($B$9:$B$9,4,$AI$9:$AI$9)) | AJ8: ="P6 check: "&INDEX('P6 Roll-up'!$AB$5:$AB$22,MATCH($A8,'P6 Roll-up'!$A$5:$A$22,0)) -> P6 check: ✔ Same as P6
A9: CHP-MS-010 | B9: 4 | C9: Basic drawings / technical specification inputs received | D9: Milestone | H9: — (non-BIM milestone) | J9: =COUNTIF('BIM Element Map'!$J$6:$J$1000,$A9) -> 0 | L9: Milestone | N9: JSW USL-BE-CHI-1000 | Q9: 0 | Y9: 46042 | Z9: 46042 | AA9: 45950 | AB9: 45950 | AC9: 1 | AD9: =IF($AB9<>"",0,IF($AA9="",$Q9,MAX(1,ROUND($Q9*(1-$AC9),0)))) -> 0 | AE9: =IF($AA9<>"",$AA9,MAX($X9,NextWD,IF($R9="",0,IF($S9="SS",INDEX(WorkDays,MATCH(INDEX($AE$6:$AE$156,MATCH($R9,$A$6:$A$156,0))-1,WorkDays,1)+1+$T9),INDEX(WorkDays,MATCH(INDEX($AF$6:$AF$156,MATCH($R9,$A$6:$A$156,0)),WorkDays,1)+IF($Q9=0,0,1)+$T9))),IF($U9="",0,IF($V9="SS",INDEX(WorkDays,MATCH(INDEX($AE$6:$AE$156,MATCH($U9,$A$6:$A$156,0))-1,WorkDays,1)+1+$W9),INDEX(WorkDays,MATCH(INDEX($AF$6:$AF$156,MATCH($U9,$A$6:$A$156,0)),WorkDays,1)+IF($Q9=0,0,1)+$W9))))) -> 45950 | AF9: =IF($AB9<>"",$AB9,IF($Q9=0,$AE9,INDEX(WorkDays,MATCH(MAX($AE9,NextWD)-1,WorkDays,1)+$AD9))) -> 45950 | AG9: =IF($AB9<>"","Completed",IF($AA9<>"","In Progress",IF(AND($Y9<>"",$Y9<=DataDate),"Not Started (Late)","Not Started"))) -> Completed | AH9: =IF($Z9="","",MATCH($AF9,WorkDays,1)-MATCH($Z9,WorkDays,1)) -> -77 | AI9: =IF($O9="","",$O9*IF($AB9<>"",1,$AC9)) | AJ9: Actual date as per P6.
A10: JSW USL-DE-CHI-1000 | B10: 3 | C10: Pile drawings release | J10: =SUMIF($B$11:$B$13,4,$J$11:$J$13) -> 0 | O10: =IF(SUMIF($B$11:$B$13,4,$O$11:$O$13)=0,"",SUMIF($B$11:$B$13,4,$O$11:$O$13)) | Y10: =MIN($Y$11:$Y$13) -> 46060 | Z10: =MAX($Z$11:$Z$13) -> 46083 | AA10: =IF(COUNT($AA$11:$AA$13)=0,"",MIN($AA$11:$AA$13)) -> 45990 | AB10: =IF(COUNTIFS($B$11:$B$13,4,$AG$11:$AG$13,"Completed")=COUNTIF($B$11:$B$13,4),MAX($AB$11:$AB$13),"") -> 46013 | AC10: =IFERROR(IF(SUMIF($B$11:$B$13,4,$O$11:$O$13)>0,SUMIF($B$11:$B$13,4,$AI$11:$AI$13)/SUMIF($B$11:$B$13,4,$O$11:$O$13),IFERROR(SUMPRODUCT(--($B$11:$B$13=4),$Q$11:$Q$13,$AC$11:$AC$13)/SUMIF($B$11:$B$13,4,$Q$11:$Q$13),AVERAGEIF($B$11:$B$13,4,$AC$11:$AC$13))),"") -> 1 | AE10: =MIN($AE$11:$AE$13) -> 45990 | AF10: =MAX($AF$11:$AF$13) -> 46013 | AG10: =IF(COUNTIFS($B$11:$B$13,4,$AG$11:$AG$13,"Completed")=COUNTIF($B$11:$B$13,4),"Completed",IF(COUNTIFS($B$11:$B$13,4,$AG$11:$AG$13,"Not Started*")=COUNTIF($B$11:$B$13,4),"Not Started","In Progress")) -> Completed | AH10: =MATCH($AF10,WorkDays,1)-MATCH($Z10,WorkDays,1) -> -57 | AI10: =IF(SUMIF($B$11:$B$13,4,$O$11:$O$13)=0,"",SUMIF($B$11:$B$13,4,$AI$11:$AI$13)) | AJ10: ="P6 check: "&INDEX('P6 Roll-up'!$AB$5:$AB$22,MATCH($A10,'P6 Roll-up'!$A$5:$A$22,0)) -> P6 check: ✔ Same as P6
A11: CHP-ENG-010 | B11: 4 | C11: Pile layout & detail drawing (19530-001) – design & preparation | D11: Engineering | H11: — (non-BIM) | J11: =COUNTIF('BIM Element Map'!$J$6:$J$1000,$A11) -> 0 | L11: Construct | M11: O24091-990-C-B-19530-001 | N11: JSW USL-DE-CHI-1000 | Q11: 14 | X11: 45990 | Y11: 46060 | Z11: 46076 | AA11: 45990 | AB11: 46006 | AC11: 1 | AD11: =IF($AB11<>"",0,IF($AA11="",$Q11,MAX(1,ROUND($Q11*(1-$AC11),0)))) -> 0 | AE11: =IF($AA11<>"",$AA11,MAX($X11,NextWD,IF($R11="",0,IF($S11="SS",INDEX(WorkDays,MATCH(INDEX($AE$6:$AE$156,MATCH($R11,$A$6:$A$156,0))-1,WorkDays,1)+1+$T11),INDEX(WorkDays,MATCH(INDEX($AF$6:$AF$156,MATCH($R11,$A$6:$A$156,0)),WorkDays,1)+IF($Q11=0,0,1)+$T11))),IF($U11="",0,IF($V11="SS",INDEX(WorkDays,MATCH(INDEX($AE$6:$AE$156,MATCH($U11,$A$6:$A$156,0))-1,WorkDays,1)+1+$W11),INDEX(WorkDays,MATCH(INDEX($AF$6:$AF$156,MATCH($U11,$A$6:$A$156,0)),WorkDays,1)+IF($Q11=0,0,1)+$W11))))) -> 45990 | AF11: =IF($AB11<>"",$AB11,IF($Q11=0,$AE11,INDEX(WorkDays,MATCH(MAX($AE11,NextWD)-1,WorkDays,1)+$AD11))) -> 46006 | AG11: =IF($AB11<>"","Completed",IF($AA11<>"","In Progress",IF(AND($Y11<>"",$Y11<=DataDate),"Not Started (Late)","Not Started"))) -> Completed | AH11: =IF($Z11="","",MATCH($AF11,WorkDays,1)-MATCH($Z11,WorkDays,1)) -> -57 | AI11: =IF($O11="","",$O11*IF($AB11<>"",1,$AC11)) | AJ11: Group actual dates = P6; split inside the group ASSUMED (sequenced) – replace with register / DPR dates.
A12: CHP-ENG-020 | B12: 4 | C12: Pile drawing – review, client approval & IFC issue | D12: Engineering | H12: — (non-BIM) | J12: =COUNTIF('BIM Element Map'!$J$6:$J$1000,$A12) -> 0 | L12: Construct | M12: O24091-990-C-B-19530-001 | N12: JSW USL-DE-CHI-1000 | Q12: 6 | R12: CHP-ENG-010 | S12: FS | T12: 0 | Y12: 46077 | Z12: 46083 | AA12: 46007 | AB12: 46013 | AC12: 1 | AD12: =IF($AB12<>"",0,IF($AA12="",$Q12,MAX(1,ROUND($Q12*(1-$AC12),0)))) -> 0 | AE12: =IF($AA12<>"",$AA12,MAX($X12,NextWD,IF($R12="",0,IF($S12="SS",INDEX(WorkDays,MATCH(INDEX($AE$6:$AE$156,MATCH($R12,$A$6:$A$156,0))-1,WorkDays,1)+1+$T12),INDEX(WorkDays,MATCH(INDEX($AF$6:$AF$156,MATCH($R12,$A$6:$A$156,0)),WorkDays,1)+IF($Q12=0,0,1)+$T12))),IF($U12="",0,IF($V12="SS",INDEX(WorkDays,MATCH(INDEX($AE$6:$AE$156,MATCH($U12,$A$6:$A$156,0))-1,WorkDays,1)+1+$W12),INDEX(WorkDays,MATCH(INDEX($AF$6:$AF$156,MATCH($U12,$A$6:$A$156,0)),WorkDays,1)+IF($Q12=0,0,1)+$W12))))) -> 46007 | AF12: =IF($AB12<>"",$AB12,IF($Q12=0,$AE12,INDEX(WorkDays,MATCH(MAX($AE12,NextWD)-1,WorkDays,1)+$AD12))) -> 46013 | AG12: =IF($AB12<>"","Completed",IF($AA12<>"","In Progress",IF(AND($Y12<>"",$Y12<=DataDate),"Not Started (Late)","Not Started"))) -> Completed | AH12: =IF($Z12="","",MATCH($AF12,WorkDays,1)-MATCH($Z12,WorkDays,1)) -> -57 | AI12: =IF($O12="","",$O12*IF($AB12<>"",1,$AC12)) | AJ12: Group actual dates = P6; split inside the group ASSUMED (sequenced) – replace with register / DPR dates.
A13: CHP-MS-020 | B13: 4 | C13: Pile drawings released (IFC) | D13: Milestone | H13: — (non-BIM milestone) | J13: =COUNTIF('BIM Element Map'!$J$6:$J$1000,$A13) -> 0 | L13: Milestone | M13: O24091-990-C-B-19530-001 | N13: JSW USL-DE-CHI-1000 | Q13: 0 | R13: CHP-ENG-020 | S13: FS | T13: 0 | Y13: 46083 | Z13: 46083 | AA13: 46013 | AB13: 46013 | AC13: 1 | AD13: =IF($AB13<>"",0,IF($AA13="",$Q13,MAX(1,ROUND($Q13*(1-$AC13),0)))) -> 0 | AE13: =IF($AA13<>"",$AA13,MAX($X13,NextWD,IF($R13="",0,IF($S13="SS",INDEX(WorkDays,MATCH(INDEX($AE$6:$AE$156,MATCH($R13,$A$6:$A$156,0))-1,WorkDays,1)+1+$T13),INDEX(WorkDays,MATCH(INDEX($AF$6:$AF$156,MATCH($R13,$A$6:$A$156,0)),WorkDays,1)+IF($Q13=0,0,1)+$T13))),IF($U13="",0,IF($V13="SS",INDEX(WorkDays,MATCH(INDEX($AE$6:$AE$156,MATCH($U13,$A$6:$A$156,0))-1,WorkDays,1)+1+$W13),INDEX(WorkDays,MATCH(INDEX($AF$6:$AF$156,MATCH($U13,$A$6:$A$156,0)),WorkDays,1)+IF($Q13=0,0,1)+$W13))))) -> 46013 | AF13: =IF($AB13<>"",$AB13,IF($Q13=0,$AE13,INDEX(WorkDays,MATCH(MAX($AE13,NextWD)-1,WorkDays,1)+$AD13))) -> 46013 | AG13: =IF($AB13<>"","Completed",IF($AA13<>"","In Progress",IF(AND($Y13<>"",$Y13<=DataDate),"Not Started (Late)","Not Started"))) -> Completed | AH13: =IF($Z13="","",MATCH($AF13,WorkDays,1)-MATCH($Z13,WorkDays,1)) -> -57 | AI13: =IF($O13="","",$O13*IF($AB13<>"",1,$AC13)) | AJ13: Group actual dates = P6; split inside the group ASSUMED (sequenced) – replace with register / DPR dates.
A14: JSW USL-DE-CHI-1010 | B14: 3 | C14: Civil drawings release | J14: =SUMIF($B$15:$B$17,4,$J$15:$J$17) -> 0 | O14: =IF(SUMIF($B$15:$B$17,4,$O$15:$O$17)=0,"",SUMIF($B$15:$B$17,4,$O$15:$O$17)) | Y14: =MIN($Y$15:$Y$17) -> 46042 | Z14: =MAX($Z$15:$Z$17) -> 46077 | AA14: =IF(COUNT($AA$15:$AA$17)=0,"",MIN($AA$15:$AA$17)) -> 46014 | AB14: =IF(COUNTIFS($B$15:$B$17,4,$AG$15:$AG$17,"Completed")=COUNTIF($B$15:$B$17,4),MAX($AB$15:$AB$17),"") -> 46029 | AC14: =IFERROR(IF(SUMIF($B$15:$B$17,4,$O$15:$O$17)>0,SUMIF($B$15:$B$17,4,$AI$15:$AI$17)/SUMIF($B$15:$B$17,4,$O$15:$O$17),IFERROR(SUMPRODUCT(--($B$15:$B$17=4),$Q$15:$Q$17,$AC$15:$AC$17)/SUMIF($B$15:$B$17,4,$Q$15:$Q$17),AVERAGEIF($B$15:$B$17,4,$AC$15:$AC$17))),"") -> 1 | AE14: =MIN($AE$15:$AE$17) -> 46014 | AF14: =MAX($AF$15:$AF$17) -> 46029 | AG14: =IF(COUNTIFS($B$15:$B$17,4,$AG$15:$AG$17,"Completed")=COUNTIF($B$15:$B$17,4),"Completed",IF(COUNTIFS($B$15:$B$17,4,$AG$15:$AG$17,"Not Started*")=COUNTIF($B$15:$B$17,4),"Not Started","In Progress")) -> Completed | AH14: =MATCH($AF14,WorkDays,1)-MATCH($Z14,WorkDays,1) -> -40 | AI14: =IF(SUMIF($B$15:$B$17,4,$O$15:$O$17)=0,"",SUMIF($B$15:$B$17,4,$AI$15:$AI$17)) | AJ14: ="P6 check: "&INDEX('P6 Roll-up'!$AB$5:$AB$22,MATCH($A14,'P6 Roll-up'!$A$5:$A$22,0)) -> P6 check: ✔ Same as P6
A15: CHP-ENG-030 | B15: 4 | C15: Civil GA & RC drawings 19531-001 … 008 – preparation & checking | D15: Engineering | H15: — (non-BIM) | J15: =COUNTIF('BIM Element Map'!$J$6:$J$1000,$A15) -> 0 | L15: Construct | M15: O24091-990-C-B-19531-001 … 008 | N15: JSW USL-DE-CHI-1010 | Q15: 7 | X15: 46014 | Y15: 46042 | Z15: 46063 | AA15: 46014 | AB15: 46022 | AC15: 1 | AD15: =IF($AB15<>"",0,IF($AA15="",$Q15,MAX(1,ROUND($Q15*(1-$AC15),0)))) -> 0 | AE15: =IF($AA15<>"",$AA15,MAX($X15,NextWD,IF($R15="",0,IF($S15="SS",INDEX(WorkDays,MATCH(INDEX($AE$6:$AE$156,MATCH($R15,$A$6:$A$156,0))-1,WorkDays,1)+1+$T15),INDEX(WorkDays,MATCH(INDEX($AF$6:$AF$156,MATCH($R15,$A$6:$A$156,0)),WorkDays,1)+IF($Q15=0,0,1)+$T15))),IF($U15="",0,IF($V15="SS",INDEX(WorkDays,MATCH(INDEX($AE$6:$AE$156,MATCH($U15,$A$6:$A$156,0))-1,WorkDays,1)+1+$W15),INDEX(WorkDays,MATCH(INDEX($AF$6:$AF$156,MATCH($U15,$A$6:$A$156,0)),WorkDays,1)+IF($Q15=0,0,1)+$W15))))) -> 46014 | AF15: =IF($AB15<>"",$AB15,IF($Q15=0,$AE15,INDEX(WorkDays,MATCH(MAX($AE15,NextWD)-1,WorkDays,1)+$AD15))) -> 46022 | AG15: =IF($AB15<>"","Completed",IF($AA15<>"","In Progress",IF(AND($Y15<>"",$Y15<=DataDate),"Not Started (Late)","Not Started"))) -> Completed | AH15: =IF($Z15="","",MATCH($AF15,WorkDays,1)-MATCH($Z15,WorkDays,1)) -> -33 | AI15: =IF($O15="","",$O15*IF($AB15<>"",1,$AC15)) | AJ15: Group actual dates = P6; split inside the group ASSUMED (sequenced) – replace with register / DPR dates.
A16: CHP-ENG-040 | B16: 4 | C16: Civil drawings – client review & IFC release | D16: Engineering | H16: — (non-BIM) | J16: =COUNTIF('BIM Element Map'!$J$6:$J$1000,$A16) -> 0 | L16: Construct | M16: O24091-990-C-B-19531-001 … 008 | N16: JSW USL-DE-CHI-1010 | Q16: 5 | R16: CHP-ENG-030 | S16: FS | T16: 0 | Y16: 46064 | Z16: 46077 | AA16: 46024 | AB16: 46029 | AC16: 1 | AD16: =IF($AB16<>"",0,IF($AA16="",$Q16,MAX(1,ROUND($Q16*(1-$AC16),0)))) -> 0 | AE16: =IF($AA16<>"",$AA16,MAX($X16,NextWD,IF($R16="",0,IF($S16="SS",INDEX(WorkDays,MATCH(INDEX($AE$6:$AE$156,MATCH($R16,$A$6:$A$156,0))-1,WorkDays,1)+1+$T16),INDEX(WorkDays,MATCH(INDEX($AF$6:$AF$156,MATCH($R16,$A$6:$A$156,0)),WorkDays,1)+IF($Q16=0,0,1)+$T16))),IF($U16="",0,IF($V16="SS",INDEX(WorkDays,MATCH(INDEX($AE$6:$AE$156,MATCH($U16,$A$6:$A$156,0))-1,WorkDays,1)+1+$W16),INDEX(WorkDays,MATCH(INDEX($AF$6:$AF$156,MATCH($U16,$A$6:$A$156,0)),WorkDays,1)+IF($Q16=0,0,1)+$W16))))) -> 46024 | AF16: =IF($AB16<>"",$AB16,IF($Q16=0,$AE16,INDEX(WorkDays,MATCH(MAX($AE16,NextWD)-1,WorkDays,1)+$AD16))) -> 46029 | AG16: =IF($AB16<>"","Completed",IF($AA16<>"","In Progress",IF(AND($Y16<>"",$Y16<=DataDate),"Not Started (Late)","Not Started"))) -> Completed | AH16: =IF($Z16="","",MATCH($AF16,WorkDays,1)-MATCH($Z16,WorkDays,1)) -> -40 | AI16: =IF($O16="","",$O16*IF($AB16<>"",1,$AC16)) | AJ16: Group actual dates = P6; split inside the group ASSUMED (sequenced) – replace with register / DPR dates.
A17: CHP-MS-030 | B17: 4 | C17: Civil drawings released (IFC) | D17: Milestone | H17: — (non-BIM milestone) | J17: =COUNTIF('BIM Element Map'!$J$6:$J$1000,$A17) -> 0 | L17: Milestone | N17: JSW USL-DE-CHI-1010 | Q17: 0 | R17: CHP-ENG-040 | S17: FS | T17: 0 | Y17: 46077 | Z17: 46077 | AA17: 46029 | AB17: 46029 | AC17: 1 | AD17: =IF($AB17<>"",0,IF($AA17="",$Q17,MAX(1,ROUND($Q17*(1-$AC17),0)))) -> 0 | AE17: =IF($AA17<>"",$AA17,MAX($X17,NextWD,IF($R17="",0,IF($S17="SS",INDEX(WorkDays,MATCH(INDEX($AE$6:$AE$156,MATCH($R17,$A$6:$A$156,0))-1,WorkDays,1)+1+$T17),INDEX(WorkDays,MATCH(INDEX($AF$6:$AF$156,MATCH($R17,$A$6:$A$156,0)),WorkDays,1)+IF($Q17=0,0,1)+$T17))),IF($U17="",0,IF($V17="SS",INDEX(WorkDays,MATCH(INDEX($AE$6:$AE$156,MATCH($U17,$A$6:$A$156,0))-1,WorkDays,1)+1+$W17),INDEX(WorkDays,MATCH(INDEX($AF$6:$AF$156,MATCH($U17,$A$6:$A$156,0)),WorkDays,1)+IF($Q17=0,0,1)+$W17))))) -> 46029 | AF17: =IF($AB17<>"",$AB17,IF($Q17=0,$AE17,INDEX(WorkDays,MATCH(MAX($AE17,NextWD)-1,WorkDays,1)+$AD17))) -> 46029 | AG17: =IF($AB17<>"","Completed",IF($AA17<>"","In Progress",IF(AND($Y17<>"",$Y17<=DataDate),"Not Started (Late)","Not Started"))) -> Completed | AH17: =IF($Z17="","",MATCH($AF17,WorkDays,1)-MATCH($Z17,WorkDays,1)) -> -40 | AI17: =IF($O17="","",$O17*IF($AB17<>"",1,$AC17)) | AJ17: Group actual dates = P6; split inside the group ASSUMED (sequenced) – replace with register / DPR dates.
A18: JSW USL-DE-CHI-1020 | B18: 3 | C18: Equipment drawings release | J18: =SUMIF($B$19:$B$21,4,$J$19:$J$21) -> 0 | O18: =IF(SUMIF($B$19:$B$21,4,$O$19:$O$21)=0,"",SUMIF($B$19:$B$21,4,$O$19:$O$21)) | Y18: =MIN($Y$19:$Y$21) -> 46265 | Z18: =MAX($Z$19:$Z$21) -> 46305 | AA18: =IF(COUNT($AA$19:$AA$21)=0,"",MIN($AA$19:$AA$21)) -> 46265 | AB18: =IF(COUNTIFS($B$19:$B$21,4,$AG$19:$AG$21,"Completed")=COUNTIF($B$19:$B$21,4),MAX($AB$19:$AB$21),"") -> 46289 | AC18: =IFERROR(IF(SUMIF($B$19:$B$21,4,$O$19:$O$21)>0,SUMIF($B$19:$B$21,4,$AI$19:$AI$21)/SUMIF($B$19:$B$21,4,$O$19:$O$21),IFERROR(SUMPRODUCT(--($B$19:$B$21=4),$Q$19:$Q$21,$AC$19:$AC$21)/SUMIF($B$19:$B$21,4,$Q$19:$Q$21),AVERAGEIF($B$19:$B$21,4,$AC$19:$AC$21))),"") -> 1 | AE18: =MIN($AE$19:$AE$21) -> 46265 | AF18: =MAX($AF$19:$AF$21) -> 46289 | AG18: =IF(COUNTIFS($B$19:$B$21,4,$AG$19:$AG$21,"Completed")=COUNTIF($B$19:$B$21,4),"Completed",IF(COUNTIFS($B$19:$B$21,4,$AG$19:$AG$21,"Not Started*")=COUNTIF($B$19:$B$21,4),"Not Started","In Progress")) -> Completed | AH18: =MATCH($AF18,WorkDays,1)-MATCH($Z18,WorkDays,1) -> -13 | AI18: =IF(SUMIF($B$19:$B$21,4,$O$19:$O$21)=0,"",SUMIF($B$19:$B$21,4,$AI$19:$AI$21)) | AJ18: ="P6 check: "&INDEX('P6 Roll-up'!$AB$5:$AB$22,MATCH($A18,'P6 Roll-up'!$A$5:$A$22,0)) -> P6 check: ✔ Same as P6
A19: CHP-ENG-050 | B19: 4 | C19: Vendor GA drawings (centrifugal chillers & pumps) – receipt & review | D19: Engineering | H19: — (non-BIM) | J19: =COUNTIF('BIM Element Map'!$J$6:$J$1000,$A19) -> 0 | L19: Construct | N19: JSW USL-DE-CHI-1020 | Q19: 13 | X19: 46265 | Y19: 46265 | Z19: 46288 | AA19: 46265 | AB19: 46279 | AC19: 1 | AD19: =IF($AB19<>"",0,IF($AA19="",$Q19,MAX(1,ROUND($Q19*(1-$AC19),0)))) -> 0 | AE19: =IF($AA19<>"",$AA19,MAX($X19,NextWD,IF($R19="",0,IF($S19="SS",INDEX(WorkDays,MATCH(INDEX($AE$6:$AE$156,MATCH($R19,$A$6:$A$156,0))-1,WorkDays,1)+1+$T19),INDEX(WorkDays,MATCH(INDEX($AF$6:$AF$156,MATCH($R19,$A$6:$A$156,0)),WorkDays,1)+IF($Q19=0,0,1)+$T19))),IF($U19="",0,IF($V19="SS",INDEX(WorkDays,MATCH(INDEX($AE$6:$AE$156,MATCH($U19,$A$6:$A$156,0))-1,WorkDays,1)+1+$W19),INDEX(WorkDays,MATCH(INDEX($AF$6:$AF$156,MATCH($U19,$A$6:$A$156,0)),WorkDays,1)+IF($Q19=0,0,1)+$W19))))) -> 46265 | AF19: =IF($AB19<>"",$AB19,IF($Q19=0,$AE19,INDEX(WorkDays,MATCH(MAX($AE19,NextWD)-1,WorkDays,1)+$AD19))) -> 46279 | AG19: =IF($AB19<>"","Completed",IF($AA19<>"","In Progress",IF(AND($Y19<>"",$Y19<=DataDate),"Not Started (Late)","Not Started"))) -> Completed | AH19: =IF($Z19="","",MATCH($AF19,WorkDays,1)-MATCH($Z19,WorkDays,1)) -> -8 | AI19: =IF($O19="","",$O19*IF($AB19<>"",1,$AC19)) | AJ19: Group actual dates = P6; split inside the group ASSUMED (sequenced) – replace with register / DPR dates.
A20: CHP-ENG-060 | B20: 4 | C20: Equipment layout & foundation loading data – approval & release | D20: Engineering | H20: — (non-BIM) | J20: =COUNTIF('BIM Element Map'!$J$6:$J$1000,$A20) -> 0 | L20: Construct | N20: JSW USL-DE-CHI-1020 | Q20: 9 | R20: CHP-ENG-050 | S20: FS | T20: 0 | Y20: 46289 | Z20: 46305 | AA20: 46280 | AB20: 46289 | AC20: 1 | AD20: =IF($AB20<>"",0,IF($AA20="",$Q20,MAX(1,ROUND($Q20*(1-$AC20),0)))) -> 0 | AE20: =IF($AA20<>"",$AA20,MAX($X20,NextWD,IF($R20="",0,IF($S20="SS",INDEX(WorkDays,MATCH(INDEX($AE$6:$AE$156,MATCH($R20,$A$6:$A$156,0))-1,WorkDays,1)+1+$T20),INDEX(WorkDays,MATCH(INDEX($AF$6:$AF$156,MATCH($R20,$A$6:$A$156,0)),WorkDays,1)+IF($Q20=0,0,1)+$T20))),IF($U20="",0,IF($V20="SS",INDEX(WorkDays,MATCH(INDEX($AE$6:$AE$156,MATCH($U20,$A$6:$A$156,0))-1,WorkDays,1)+1+$W20),INDEX(WorkDays,MATCH(INDEX($AF$6:$AF$156,MATCH($U20,$A$6:$A$156,0)),WorkDays,1)+IF($Q20=0,0,1)+$W20))))) -> 46280 | AF20: =IF($AB20<>"",$AB20,IF($Q20=0,$AE20,INDEX(WorkDays,MATCH(MAX($AE20,NextWD)-1,WorkDays,1)+$AD20))) -> 46289 | AG20: =IF($AB20<>"","Completed",IF($AA20<>"","In Progress",IF(AND($Y20<>"",$Y20<=DataDate),"Not Started (Late)","Not Started"))) -> Completed | AH20: =IF($Z20="","",MATCH($AF20,WorkDays,1)-MATCH($Z20,WorkDays,1)) -> -13 | AI20: =IF($O20="","",$O20*IF($AB20<>"",1,$AC20)) | AJ20: Group actual dates = P6; split inside the group ASSUMED (sequenced) – replace with register / DPR dates.
A21: CHP-MS-040 | B21: 4 | C21: Equipment drawings released – HOLD on chiller / pump foundations F1 & F2 lifted | D21: Milestone | H21: — (non-BIM milestone) | J21: =COUNTIF('BIM Element Map'!$J$6:$J$1000,$A21) -> 0 | L21: Milestone | M21: O24091-990-C-B-19531-007 | N21: JSW USL-DE-CHI-1020 | Q21: 0 | R21: CHP-ENG-060 | S21: FS | T21: 0 | Y21: 46305 | Z21: 46305 | AA21: 46289 | AB21: 46289 | AC21: 1 | AD21: =IF($AB21<>"",0,IF($AA21="",$Q21,MAX(1,ROUND($Q21*(1-$AC21),0)))) -> 0 | AE21: =IF($AA21<>"",$AA21,MAX($X21,NextWD,IF($R21="",0,IF($S21="SS",INDEX(WorkDays,MATCH(INDEX($AE$6:$AE$156,MATCH($R21,$A$6:$A$156,0))-1,WorkDays,1)+1+$T21),INDEX(WorkDays,MATCH(INDEX($AF$6:$AF$156,MATCH($R21,$A$6:$A$156,0)),WorkDays,1)+IF($Q21=0,0,1)+$T21))),IF($U21="",0,IF($V21="SS",INDEX(WorkDays,MATCH(INDEX($AE$6:$AE$156,MATCH($U21,$A$6:$A$156,0))-1,WorkDays,1)+1+$W21),INDEX(WorkDays,MATCH(INDEX($AF$6:$AF$156,MATCH($U21,$A$6:$A$156,0)),WorkDays,1)+IF($Q21=0,0,1)+$W21))))) -> 46289 | AF21: =IF($AB21<>"",$AB21,IF($Q21=0,$AE21,INDEX(WorkDays,MATCH(MAX($AE21,NextWD)-1,WorkDays,1)+$AD21))) -> 46289 | AG21: =IF($AB21<>"","Completed",IF($AA21<>"","In Progress",IF(AND($Y21<>"",$Y21<=DataDate),"Not Started (Late)","Not Started"))) -> Completed | AH21: =IF($Z21="","",MATCH($AF21,WorkDays,1)-MATCH($Z21,WorkDays,1)) -> -13 | AI21: =IF($O21="","",$O21*IF($AB21<>"",1,$AC21)) | AJ21: Group actual dates = P6; split inside the group ASSUMED (sequenced) – replace with register / DPR dates.
A22: JSW USL-DE-CHI-1030 | B22: 3 | C22: Piping drawings release | J22: =SUMIF($B$23:$B$25,4,$J$23:$J$25) -> 0 | O22: =IF(SUMIF($B$23:$B$25,4,$O$23:$O$25)=0,"",SUMIF($B$23:$B$25,4,$O$23:$O$25)) | Y22: =MIN($Y$23:$Y$25) -> 46307 | Z22: =MAX($Z$23:$Z$25) -> 46359 | AA22: =IF(COUNT($AA$23:$AA$25)=0,"",MIN($AA$23:$AA$25)) | AB22: =IF(COUNTIFS($B$23:$B$25,4,$AG$23:$AG$25,"Completed")=COUNTIF($B$23:$B$25,4),MAX($AB$23:$AB$25),"") | AC22: =IFERROR(IF(SUMIF($B$23:$B$25,4,$O$23:$O$25)>0,SUMIF($B$23:$B$25,4,$AI$23:$AI$25)/SUMIF($B$23:$B$25,4,$O$23:$O$25),IFERROR(SUMPRODUCT(--($B$23:$B$25=4),$Q$23:$Q$25,$AC$23:$AC$25)/SUMIF($B$23:$B$25,4,$Q$23:$Q$25),AVERAGEIF($B$23:$B$25,4,$AC$23:$AC$25))),"") -> 0 | AE22: =MIN($AE$23:$AE$25) -> 46298 | AF22: =MAX($AF$23:$AF$25) -> 46345 | AG22: =IF(COUNTIFS($B$23:$B$25,4,$AG$23:$AG$25,"Completed")=COUNTIF($B$23:$B$25,4),"Completed",IF(COUNTIFS($B$23:$B$25,4,$AG$23:$AG$25,"Not Started*")=COUNTIF($B$23:$B$25,4),"Not Started","In Progress")) -> Not Started | AH22: =MATCH($AF22,WorkDays,1)-MATCH($Z22,WorkDays,1) -> -12 | AI22: =IF(SUMIF($B$23:$B$25,4,$O$23:$O$25)=0,"",SUMIF($B$23:$B$25,4,$AI$23:$AI$25)) | AJ22: ="P6 check: "&INDEX('P6 Roll-up'!$AB$5:$AB$22,MATCH($A22,'P6 Roll-up'!$A$5:$A$22,0)) -> P6 check: ✔ Same as P6
A23: CHP-ENG-070 | B23: 4 | C23: Piping GA, isometric & pipe-support drawings – preparation | D23: Engineering | H23: — (non-BIM) | J23: =COUNTIF('BIM Element Map'!$J$6:$J$1000,$A23) -> 0 | L23: Construct | N23: JSW USL-DE-CHI-1030 | Q23: 30 | X23: 46298 | Y23: 46307 | Z23: 46346 | AC23: 0 | AD23: =IF($AB23<>"",0,IF($AA23="",$Q23,MAX(1,ROUND($Q23*(1-$AC23),0)))) -> 30 | AE23: =IF($AA23<>"",$AA23,MAX($X23,NextWD,IF($R23="",0,IF($S23="SS",INDEX(WorkDays,MATCH(INDEX($AE$6:$AE$156,MATCH($R23,$A$6:$A$156,0))-1,WorkDays,1)+1+$T23),INDEX(WorkDays,MATCH(INDEX($AF$6:$AF$156,MATCH($R23,$A$6:$A$156,0)),WorkDays,1)+IF($Q23=0,0,1)+$T23))),IF($U23="",0,IF($V23="SS",INDEX(WorkDays,MATCH(INDEX($AE$6:$AE$156,MATCH($U23,$A$6:$A$156,0))-1,WorkDays,1)+1+$W23),INDEX(WorkDays,MATCH(INDEX($AF$6:$AF$156,MATCH($U23,$A$6:$A$156,0)),WorkDays,1)+IF($Q23=0,0,1)+$W23))))) -> 46298 | AF23: =IF($AB23<>"",$AB23,IF($Q23=0,$AE23,INDEX(WorkDays,MATCH(MAX($AE23,NextWD)-1,WorkDays,1)+$AD23))) -> 46333 | AG23: =IF($AB23<>"","Completed",IF($AA23<>"","In Progress",IF(AND($Y23<>"",$Y23<=DataDate),"Not Started (Late)","Not Started"))) -> Not Started | AH23: =IF($Z23="","",MATCH($AF23,WorkDays,1)-MATCH($Z23,WorkDays,1)) -> -11 | AI23: =IF($O23="","",$O23*IF($AB23<>"",1,$AC23)) | AJ23: Sequenced to finish on P6 date 19-Nov-26.
A24: CHP-ENG-080 | B24: 4 | C24: Piping drawings – review, comments & IFC release | D24: Engineering | H24: — (non-BIM) | J24: =COUNTIF('BIM Element Map'!$J$6:$J$1000,$A24) -> 0 | L24: Construct | N24: JSW USL-DE-CHI-1030 | Q24: 10 | R24: CHP-ENG-070 | S24: FS | T24: 0 | Y24: 46347 | Z24: 46359 | AC24: 0 | AD24: =IF($AB24<>"",0,IF($AA24="",$Q24,MAX(1,ROUND($Q24*(1-$AC24),0)))) -> 10 | AE24: =IF($AA24<>"",$AA24,MAX($X24,NextWD,IF($R24="",0,IF($S24="SS",INDEX(WorkDays,MATCH(INDEX($AE$6:$AE$156,MATCH($R24,$A$6:$A$156,0))-1,WorkDays,1)+1+$T24),INDEX(WorkDays,MATCH(INDEX($AF$6:$AF$156,MATCH($R24,$A$6:$A$156,0)),WorkDays,1)+IF($Q24=0,0,1)+$T24))),IF($U24="",0,IF($V24="SS",INDEX(WorkDays,MATCH(INDEX($AE$6:$AE$156,MATCH($U24,$A$6:$A$156,0))-1,WorkDays,1)+1+$W24),INDEX(WorkDays,MATCH(INDEX($AF$6:$AF$156,MATCH($U24,$A$6:$A$156,0)),WorkDays,1)+IF($Q24=0,0,1)+$W24))))) -> 46335 | AF24: =IF($AB24<>"",$AB24,IF($Q24=0,$AE24,INDEX(WorkDays,MATCH(MAX($AE24,NextWD)-1,WorkDays,1)+$AD24))) -> 46345 | AG24: =IF($AB24<>"","Completed",IF($AA24<>"","In Progress",IF(AND($Y24<>"",$Y24<=DataDate),"Not Started (Late)","Not Started"))) -> Not Started | AH24: =IF($Z24="","",MATCH($AF24,WorkDays,1)-MATCH($Z24,WorkDays,1)) -> -12 | AI24: =IF($O24="","",$O24*IF($AB24<>"",1,$AC24)) | AJ24: Sequenced to finish on P6 date 19-Nov-26.
A25: CHP-MS-050 | B25: 4 | C25: Piping drawings released (IFC) | D25: Milestone | H25: — (non-BIM milestone) | J25: =COUNTIF('BIM Element Map'!$J$6:$J$1000,$A25) -> 0 | L25: Milestone | N25: JSW USL-DE-CHI-1030 | Q25: 0 | R25: CHP-ENG-080 | S25: FS | T25: 0 | Y25: 46359 | Z25: 46359 | AC25: 0 | AD25: =IF($AB25<>"",0,IF($AA25="",$Q25,MAX(1,ROUND($Q25*(1-$AC25),0)))) -> 0 | AE25: =IF($AA25<>"",$AA25,MAX($X25,NextWD,IF($R25="",0,IF($S25="SS",INDEX(WorkDays,MATCH(INDEX($AE$6:$AE$156,MATCH($R25,$A$6:$A$156,0))-1,WorkDays,1)+1+$T25),INDEX(WorkDays,MATCH(INDEX($AF$6:$AF$156,MATCH($R25,$A$6:$A$156,0)),WorkDays,1)+IF($Q25=0,0,1)+$T25))),IF($U25="",0,IF($V25="SS",INDEX(WorkDays,MATCH(INDEX($AE$6:$AE$156,MATCH($U25,$A$6:$A$156,0))-1,WorkDays,1)+1+$W25),INDEX(WorkDays,MATCH(INDEX($AF$6:$AF$156,MATCH($U25,$A$6:$A$156,0)),WorkDays,1)+IF($Q25=0,0,1)+$W25))))) -> 46345 | AF25: =IF($AB25<>"",$AB25,IF($Q25=0,$AE25,INDEX(WorkDays,MATCH(MAX($AE25,NextWD)-1,WorkDays,1)+$AD25))) -> 46345 | AG25: =IF($AB25<>"","Completed",IF($AA25<>"","In Progress",IF(AND($Y25<>"",$Y25<=DataDate),"Not Started (Late)","Not Started"))) -> Not Started | AH25: =IF($Z25="","",MATCH($AF25,WorkDays,1)-MATCH($Z25,WorkDays,1)) -> -12 | AI25: =IF($O25="","",$O25*IF($AB25<>"",1,$AC25)) | AJ25: Sequenced to finish on P6 date 19-Nov-26.
A26: JSW USL-DE-CHI-1040 | B26: 3 | C26: E&I drawings release | J26: =SUMIF($B$27:$B$29,4,$J$27:$J$29) -> 0 | O26: =IF(SUMIF($B$27:$B$29,4,$O$27:$O$29)=0,"",SUMIF($B$27:$B$29,4,$O$27:$O$29)) | Y26: =MIN($Y$27:$Y$29) -> 46360 | Z26: =MAX($Z$27:$Z$29) -> 46396 | AA26: =IF(COUNT($AA$27:$AA$29)=0,"",MIN($AA$27:$AA$29)) -> 46296 | AB26: =IF(COUNTIFS($B$27:$B$29,4,$AG$27:$AG$29,"Completed")=COUNTIF($B$27:$B$29,4),MAX($AB$27:$AB$29),"") | AC26: =IFERROR(IF(SUMIF($B$27:$B$29,4,$O$27:$O$29)>0,SUMIF($B$27:$B$29,4,$AI$27:$AI$29)/SUMIF($B$27:$B$29,4,$O$27:$O$29),IFERROR(SUMPRODUCT(--($B$27:$B$29=4),$Q$27:$Q$29,$AC$27:$AC$29)/SUMIF($B$27:$B$29,4,$Q$27:$Q$29),AVERAGEIF($B$27:$B$29,4,$AC$27:$AC$29))),"") -> 0.23265306 | AE26: =MIN($AE$27:$AE$29) -> 46296 | AF26: =MAX($AF$27:$AF$29) -> 46367 | AG26: =IF(COUNTIFS($B$27:$B$29,4,$AG$27:$AG$29,"Completed")=COUNTIF($B$27:$B$29,4),"Completed",IF(COUNTIFS($B$27:$B$29,4,$AG$27:$AG$29,"Not Started*")=COUNTIF($B$27:$B$29,4),"Not Started","In Progress")) -> In Progress | AH26: =MATCH($AF26,WorkDays,1)-MATCH($Z26,WorkDays,1) -> -23 | AI26: =IF(SUMIF($B$27:$B$29,4,$O$27:$O$29)=0,"",SUMIF($B$27:$B$29,4,$AI$27:$AI$29)) | AJ26: ="P6 check: "&INDEX('P6 Roll-up'!$AB$5:$AB$22,MATCH($A26,'P6 Roll-up'!$A$5:$A$22,0)) -> P6 check: ✔ Same as P6
A27: CHP-ENG-090 | B27: 4 | C27: E&I layouts (cable routing, lighting, earthing, instrument locations) – preparation | D27: Engineering | H27: — (non-BIM) | J27: =COUNTIF('BIM Element Map'!$J$6:$J$1000,$A27) -> 0 | L27: Construct | N27: JSW USL-DE-CHI-1040 | Q27: 30 | X27: 46296 | Y27: 46360 | Z27: 46371 | AA27: 46296 | AC27: 0.38 | AD27: =IF($AB27<>"",0,IF($AA27="",$Q27,MAX(1,ROUND($Q27*(1-$AC27),0)))) -> 19 | AE27: =IF($AA27<>"",$AA27,MAX($X27,NextWD,IF($R27="",0,IF($S27="SS",INDEX(WorkDays,MATCH(INDEX($AE$6:$AE$156,MATCH($R27,$A$6:$A$156,0))-1,WorkDays,1)+1+$T27),INDEX(WorkDays,MATCH(INDEX($AF$6:$AF$156,MATCH($R27,$A$6:$A$156,0)),WorkDays,1)+IF($Q27=0,0,1)+$T27))),IF($U27="",0,IF($V27="SS",INDEX(WorkDays,MATCH(INDEX($AE$6:$AE$156,MATCH($U27,$A$6:$A$156,0))-1,WorkDays,1)+1+$W27),INDEX(WorkDays,MATCH(INDEX($AF$6:$AF$156,MATCH($U27,$A$6:$A$156,0)),WorkDays,1)+IF($Q27=0,0,1)+$W27))))) -> 46296 | AF27: =IF($AB27<>"",$AB27,IF($Q27=0,$AE27,INDEX(WorkDays,MATCH(MAX($AE27,NextWD)-1,WorkDays,1)+$AD27))) -> 46321 | AG27: =IF($AB27<>"","Completed",IF($AA27<>"","In Progress",IF(AND($Y27<>"",$Y27<=DataDate),"Not Started (Late)","Not Started"))) -> In Progress | AH27: =IF($Z27="","",MATCH($AF27,WorkDays,1)-MATCH($Z27,WorkDays,1)) -> -43 | AI27: =IF($O27="","",$O27*IF($AB27<>"",1,$AC27)) | AJ27: Group actual dates = P6; split inside the group ASSUMED (sequenced) – replace with register / DPR dates. In progress at DD; remaining duration set so the group finishes on the P6 date.
A28: CHP-ENG-100 | B28: 4 | C28: E&I drawings – coordination with piping drawings, review & IFC release | D28: Engineering | H28: — (non-BIM) | J28: =COUNTIF('BIM Element Map'!$J$6:$J$1000,$A28) -> 0 | L28: Construct | N28: JSW USL-DE-CHI-1040 | Q28: 19 | R28: CHP-ENG-090 | S28: FS | T28: 0 | U28: CHP-MS-050 | V28: FS | W28: 0 | Y28: 46386 | Z28: 46396 | AC28: 0 | AD28: =IF($AB28<>"",0,IF($AA28="",$Q28,MAX(1,ROUND($Q28*(1-$AC28),0)))) -> 19 | AE28: =IF($AA28<>"",$AA28,MAX($X28,NextWD,IF($R28="",0,IF($S28="SS",INDEX(WorkDays,MATCH(INDEX($AE$6:$AE$156,MATCH($R28,$A$6:$A$156,0))-1,WorkDays,1)+1+$T28),INDEX(WorkDays,MATCH(INDEX($AF$6:$AF$156,MATCH($R28,$A$6:$A$156,0)),WorkDays,1)+IF($Q28=0,0,1)+$T28))),IF($U28="",0,IF($V28="SS",INDEX(WorkDays,MATCH(INDEX($AE$6:$AE$156,MATCH($U28,$A$6:$A$156,0))-1,WorkDays,1)+1+$W28),INDEX(WorkDays,MATCH(INDEX($AF$6:$AF$156,MATCH($U28,$A$6:$A$156,0)),WorkDays,1)+IF($Q28=0,0,1)+$W28))))) -> 46346 | AF28: =IF($AB28<>"",$AB28,IF($Q28=0,$AE28,INDEX(WorkDays,MATCH(MAX($AE28,NextWD)-1,WorkDays,1)+$AD28))) -> 46367 | AG28: =IF($AB28<>"","Completed",IF($AA28<>"","In Progress",IF(AND($Y28<>"",$Y28<=DataDate),"Not Started (Late)","Not Started"))) -> Not Started | AH28: =IF($Z28="","",MATCH($AF28,WorkDays,1)-MATCH($Z28,WorkDays,1)) -> -23 | AI28: =IF($O28="","",$O28*IF($AB28<>"",1,$AC28)) | AJ28: Sequenced to finish on P6 date 11-Dec-26.
A29: CHP-MS-060 | B29: 4 | C29: E&I drawings released (IFC) | D29: Milestone | H29: — (non-BIM milestone) | J29: =COUNTIF('BIM Element Map'!$J$6:$J$1000,$A29) -> 0 | L29: Milestone | N29: JSW USL-DE-CHI-1040 | Q29: 0 | R29: CHP-ENG-100 | S29: FS | T29: 0 | Y29: 46396 | Z29: 46396 | AC29: 0 | AD29: =IF($AB29<>"",0,IF($AA29="",$Q29,MAX(1,ROUND($Q29*(1-$AC29),0)))) -> 0 | AE29: =IF($AA29<>"",$AA29,MAX($X29,NextWD,IF($R29="",0,IF($S29="SS",INDEX(WorkDays,MATCH(INDEX($AE$6:$AE$156,MATCH($R29,$A$6:$A$156,0))-1,WorkDays,1)+1+$T29),INDEX(WorkDays,MATCH(INDEX($AF$6:$AF$156,MATCH($R29,$A$6:$A$156,0)),WorkDays,1)+IF($Q29=0,0,1)+$T29))),IF($U29="",0,IF($V29="SS",INDEX(WorkDays,MATCH(INDEX($AE$6:$AE$156,MATCH($U29,$A$6:$A$156,0))-1,WorkDays,1)+1+$W29),INDEX(WorkDays,MATCH(INDEX($AF$6:$AF$156,MATCH($U29,$A$6:$A$156,0)),WorkDays,1)+IF($Q29=0,0,1)+$W29))))) -> 46367 | AF29: =IF($AB29<>"",$AB29,IF($Q29=0,$AE29,INDEX(WorkDays,MATCH(MAX($AE29,NextWD)-1,WorkDays,1)+$AD29))) -> 46367 | AG29: =IF($AB29<>"","Completed",IF($AA29<>"","In Progress",IF(AND($Y29<>"",$Y29<=DataDate),"Not Started (Late)","Not Started"))) -> Not Started | AH29: =IF($Z29="","",MATCH($AF29,WorkDays,1)-MATCH($Z29,WorkDays,1)) -> -23 | AI29: =IF($O29="","",$O29*IF($AB29<>"",1,$AC29)) | AJ29: Sequenced to finish on P6 date 11-Dec-26.
A30: CHP.P | B30: 2 | C30: PROCUREMENT | J30: =SUMIF($B$31:$B$48,4,$J$31:$J$48) -> 0 | Y30: =MIN($Y$31:$Y$48) -> 46081 | Z30: =MAX($Z$31:$Z$48) -> 46380 | AA30: =IF(COUNT($AA$31:$AA$48)=0,"",MIN($AA$31:$AA$48)) -> 46056 | AB30: =IF(COUNTIFS($B$31:$B$48,4,$AG$31:$AG$48,"Completed")=COUNTIF($B$31:$B$48,4),MAX($AB$31:$AB$48),"") | AC30: =IFERROR(IFERROR(SUMPRODUCT(--($B$31:$B$48=4),$Q$31:$Q$48,$AC$31:$AC$48)/SUMIF($B$31:$B$48,4,$Q$31:$Q$48),AVERAGEIF($B$31:$B$48,4,$AC$31:$AC$48)),"") -> 0.72923339 | AE30: =MIN($AE$31:$AE$48) -> 46056 | AF30: =MAX($AF$31:$AF$48) -> 46387 | AG30: =IF(COUNTIFS($B$31:$B$48,4,$AG$31:$AG$48,"Completed")=COUNTIF($B$31:$B$48,4),"Completed",IF(COUNTIFS($B$31:$B$48,4,$AG$31:$AG$48,"Not Started*")=COUNTIF($B$31:$B$48,4),"Not Started","In Progress")) -> In Progress | AH30: =MATCH($AF30,WorkDays,1)-MATCH($Z30,WorkDays,1) -> 5
A31: JSW USL-PR-2440 | B31: 3 | C31: Centrifugal Chillers - PR to PO | J31: =SUMIF($B$32:$B$34,4,$J$32:$J$34) -> 0 | O31: =IF(SUMIF($B$32:$B$34,4,$O$32:$O$34)=0,"",SUMIF($B$32:$B$34,4,$O$32:$O$34)) | Y31: =MIN($Y$32:$Y$34) -> 46081 | Z31: =MAX($Z$32:$Z$34) -> 46154 | AA31: =IF(COUNT($AA$32:$AA$34)=0,"",MIN($AA$32:$AA$34)) -> 46056 | AB31: =IF(COUNTIFS($B$32:$B$34,4,$AG$32:$AG$34,"Completed")=COUNTIF($B$32:$B$34,4),MAX($AB$32:$AB$34),"") -> 46162 | AC31: =IFERROR(IF(SUMIF($B$32:$B$34,4,$O$32:$O$34)>0,SUMIF($B$32:$B$34,4,$AI$32:$AI$34)/SUMIF($B$32:$B$34,4,$O$32:$O$34),IFERROR(SUMPRODUCT(--($B$32:$B$34=4),$Q$32:$Q$34,$AC$32:$AC$34)/SUMIF($B$32:$B$34,4,$Q$32:$Q$34),AVERAGEIF($B$32:$B$34,4,$AC$32:$AC$34))),"") -> 1 | AE31: =MIN($AE$32:$AE$34) -> 46056 | AF31: =MAX($AF$32:$AF$34) -> 46162 | AG31: =IF(COUNTIFS($B$32:$B$34,4,$AG$32:$AG$34,"Completed")=COUNTIF($B$32:$B$34,4),"Completed",IF(COUNTIFS($B$32:$B$34,4,$AG$32:$AG$34,"Not Started*")=COUNTIF($B$32:$B$34,4),"Not Started","In Progress")) -> Completed | AH31: =MATCH($AF31,WorkDays,1)-MATCH($Z31,WorkDays,1) -> 7 | AI31: =IF(SUMIF($B$32:$B$34,4,$O$32:$O$34)=0,"",SUMIF($B$32:$B$34,4,$AI$32:$AI$34)) | AJ31: ="P6 check: "&INDEX('P6 Roll-up'!$AB$5:$AB$22,MATCH($A31,'P6 Roll-up'!$A$5:$A$22,0)) -> P6 check: ✔ Same as P6
A32: CHP-PRC-010 | B32: 4 | C32: Centrifugal chillers – PR, RFQ, bids & technical evaluation | D32: Procurement | H32: — (non-BIM) | J32: =COUNTIF('BIM Element Map'!$J$6:$J$1000,$A32) -> 0 | L32: Construct | N32: JSW USL-PR-2440 | Q32: 58 | X32: 46056 | Y32: 46081 | Z32: 46128 | AA32: 46056 | AB32: 46125 | AC32: 1 | AD32: =IF($AB32<>"",0,IF($AA32="",$Q32,MAX(1,ROUND($Q32*(1-$AC32),0)))) -> 0 | AE32: =IF($AA32<>"",$AA32,MAX($X32,NextWD,IF($R32="",0,IF($S32="SS",INDEX(WorkDays,MATCH(INDEX($AE$6:$AE$156,MATCH($R32,$A$6:$A$156,0))-1,WorkDays,1)+1+$T32),INDEX(WorkDays,MATCH(INDEX($AF$6:$AF$156,MATCH($R32,$A$6:$A$156,0)),WorkDays,1)+IF($Q32=0,0,1)+$T32))),IF($U32="",0,IF($V32="SS",INDEX(WorkDays,MATCH(INDEX($AE$6:$AE$156,MATCH($U32,$A$6:$A$156,0))-1,WorkDays,1)+1+$W32),INDEX(WorkDays,MATCH(INDEX($AF$6:$AF$156,MATCH($U32,$A$6:$A$156,0)),WorkDays,1)+IF($Q32=0,0,1)+$W32))))) -> 46056 | AF32: =IF($AB32<>"",$AB32,IF($Q32=0,$AE32,INDEX(WorkDays,MATCH(MAX($AE32,NextWD)-1,WorkDays,1)+$AD32))) -> 46125 | AG32: =IF($AB32<>"","Completed",IF($AA32<>"","In Progress",IF(AND($Y32<>"",$Y32<=DataDate),"Not Started (Late)","Not Started"))) -> Completed | AH32: =IF($Z32="","",MATCH($AF32,WorkDays,1)-MATCH($Z32,WorkDays,1)) -> -3 | AI32: =IF($O32="","",$O32*IF($AB32<>"",1,$AC32)) | AJ32: Group actual dates = P6; split inside the group ASSUMED (sequenced) – replace with register / DPR dates.
A33: CHP-PRC-020 | B33: 4 | C33: Centrifugal chillers – commercial negotiation & PO placement | D33: Procurement | H33: — (non-BIM) | J33: =COUNTIF('BIM Element Map'!$J$6:$J$1000,$A33) -> 0 | L33: Construct | N33: JSW USL-PR-2440 | Q33: 31 | R33: CHP-PRC-010 | S33: FS | T33: 0 | Y33: 46129 | Z33: 46154 | AA33: 46126 | AB33: 46162 | AC33: 1 | AD33: =IF($AB33<>"",0,IF($AA33="",$Q33,MAX(1,ROUND($Q33*(1-$AC33),0)))) -> 0 | AE33: =IF($AA33<>"",$AA33,MAX($X33,NextWD,IF($R33="",0,IF($S33="SS",INDEX(WorkDays,MATCH(INDEX($AE$6:$AE$156,MATCH($R33,$A$6:$A$156,0))-1,WorkDays,1)+1+$T33),INDEX(WorkDays,MATCH(INDEX($AF$6:$AF$156,MATCH($R33,$A$6:$A$156,0)),WorkDays,1)+IF($Q33=0,0,1)+$T33))),IF($U33="",0,IF($V33="SS",INDEX(WorkDays,MATCH(INDEX($AE$6:$AE$156,MATCH($U33,$A$6:$A$156,0))-1,WorkDays,1)+1+$W33),INDEX(WorkDays,MATCH(INDEX($AF$6:$AF$156,MATCH($U33,$A$6:$A$156,0)),WorkDays,1)+IF($Q33=0,0,1)+$W33))))) -> 46126 | AF33: =IF($AB33<>"",$AB33,IF($Q33=0,$AE33,INDEX(WorkDays,MATCH(MAX($AE33,NextWD)-1,WorkDays,1)+$AD33))) -> 46162 | AG33: =IF($AB33<>"","Completed",IF($AA33<>"","In Progress",IF(AND($Y33<>"",$Y33<=DataDate),"Not Started (Late)","Not Started"))) -> Completed | AH33: =IF($Z33="","",MATCH($AF33,WorkDays,1)-MATCH($Z33,WorkDays,1)) -> 7 | AI33: =IF($O33="","",$O33*IF($AB33<>"",1,$AC33)) | AJ33: Group actual dates = P6; split inside the group ASSUMED (sequenced) – replace with register / DPR dates.
A34: CHP-PRC-030 | B34: 4 | C34: PO placed – centrifugal chillers | D34: Procurement | H34: — (non-BIM milestone) | J34: =COUNTIF('BIM Element Map'!$J$6:$J$1000,$A34) -> 0 | L34: Milestone | N34: JSW USL-PR-2440 | Q34: 0 | R34: CHP-PRC-020 | S34: FS | T34: 0 | Y34: 46154 | Z34: 46154 | AA34: 46162 | AB34: 46162 | AC34: 1 | AD34: =IF($AB34<>"",0,IF($AA34="",$Q34,MAX(1,ROUND($Q34*(1-$AC34),0)))) -> 0 | AE34: =IF($AA34<>"",$AA34,MAX($X34,NextWD,IF($R34="",0,IF($S34="SS",INDEX(WorkDays,MATCH(INDEX($AE$6:$AE$156,MATCH($R34,$A$6:$A$156,0))-1,WorkDays,1)+1+$T34),INDEX(WorkDays,MATCH(INDEX($AF$6:$AF$156,MATCH($R34,$A$6:$A$156,0)),WorkDays,1)+IF($Q34=0,0,1)+$T34))),IF($U34="",0,IF($V34="SS",INDEX(WorkDays,MATCH(INDEX($AE$6:$AE$156,MATCH($U34,$A$6:$A$156,0))-1,WorkDays,1)+1+$W34),INDEX(WorkDays,MATCH(INDEX($AF$6:$AF$156,MATCH($U34,$A$6:$A$156,0)),WorkDays,1)+IF($Q34=0,0,1)+$W34))))) -> 46162 | AF34: =IF($AB34<>"",$AB34,IF($Q34=0,$AE34,INDEX(WorkDays,MATCH(MAX($AE34,NextWD)-1,WorkDays,1)+$AD34))) -> 46162 | AG34: =IF($AB34<>"","Completed",IF($AA34<>"","In Progress",IF(AND($Y34<>"",$Y34<=DataDate),"Not Started (Late)","Not Started"))) -> Completed | AH34: =IF($Z34="","",MATCH($AF34,WorkDays,1)-MATCH($Z34,WorkDays,1)) -> 7 | AI34: =IF($O34="","",$O34*IF($AB34<>"",1,$AC34)) | AJ34: Group actual dates = P6; split inside the group ASSUMED (sequenced) – replace with register / DPR dates.
A35: JSW USL-PR-2450 | B35: 3 | C35: Centrifugal Chillers - Manufacturing, Inspection & Delivery | J35: =SUMIF($B$36:$B$39,4,$J$36:$J$39) -> 0 | O35: =IF(SUMIF($B$36:$B$39,4,$O$36:$O$39)=0,"",SUMIF($B$36:$B$39,4,$O$36:$O$39)) | Y35: =MIN($Y$36:$Y$39) -> 46203 | Z35: =MAX($Z$36:$Z$39) -> 46380 | AA35: =IF(COUNT($AA$36:$AA$39)=0,"",MIN($AA$36:$AA$39)) -> 46164 | AB35: =IF(COUNTIFS($B$36:$B$39,4,$AG$36:$AG$39,"Completed")=COUNTIF($B$36:$B$39,4),MAX($AB$36:$AB$39),"") | AC35: =IFERROR(IF(SUMIF($B$36:$B$39,4,$O$36:$O$39)>0,SUMIF($B$36:$B$39,4,$AI$36:$AI$39)/SUMIF($B$36:$B$39,4,$O$36:$O$39),IFERROR(SUMPRODUCT(--($B$36:$B$39=4),$Q$36:$Q$39,$AC$36:$AC$39)/SUMIF($B$36:$B$39,4,$Q$36:$Q$39),AVERAGEIF($B$36:$B$39,4,$AC$36:$AC$39))),"") -> 0.60102128 | AE35: =MIN($AE$36:$AE$39) -> 46164 | AF35: =MAX($AF$36:$AF$39) -> 46387 | AG35: =IF(COUNTIFS($B$36:$B$39,4,$AG$36:$AG$39,"Completed")=COUNTIF($B$36:$B$39,4),"Completed",IF(COUNTIFS($B$36:$B$39,4,$AG$36:$AG$39,"Not Started*")=COUNTIF($B$36:$B$39,4),"Not Started","In Progress")) -> In Progress | AH35: =MATCH($AF35,WorkDays,1)-MATCH($Z35,WorkDays,1) -> 5 | AI35: =IF(SUMIF($B$36:$B$39,4,$O$36:$O$39)=0,"",SUMIF($B$36:$B$39,4,$AI$36:$AI$39)) | AJ35: ="P6 check: "&INDEX('P6 Roll-up'!$AB$5:$AB$22,MATCH($A35,'P6 Roll-up'!$A$5:$A$22,0)) -> P6 check: ✔ Same as P6
A36: CHP-PRC-040 | B36: 4 | C36: Centrifugal chillers – manufacturing | D36: Procurement | H36: — (non-BIM) | J36: =COUNTIF('BIM Element Map'!$J$6:$J$1000,$A36) -> 0 | L36: Construct | N36: JSW USL-PR-2450 | Q36: 165 | X36: 46164 | Y36: 46203 | Z36: 46359 | AA36: 46164 | AC36: 0.6848 | AD36: =IF($AB36<>"",0,IF($AA36="",$Q36,MAX(1,ROUND($Q36*(1-$AC36),0)))) -> 52 | AE36: =IF($AA36<>"",$AA36,MAX($X36,NextWD,IF($R36="",0,IF($S36="SS",INDEX(WorkDays,MATCH(INDEX($AE$6:$AE$156,MATCH($R36,$A$6:$A$156,0))-1,WorkDays,1)+1+$T36),INDEX(WorkDays,MATCH(INDEX($AF$6:$AF$156,MATCH($R36,$A$6:$A$156,0)),WorkDays,1)+IF($Q36=0,0,1)+$T36))),IF($U36="",0,IF($V36="SS",INDEX(WorkDays,MATCH(INDEX($AE$6:$AE$156,MATCH($U36,$A$6:$A$156,0))-1,WorkDays,1)+1+$W36),INDEX(WorkDays,MATCH(INDEX($AF$6:$AF$156,MATCH($U36,$A$6:$A$156,0)),WorkDays,1)+IF($Q36=0,0,1)+$W36))))) -> 46164 | AF36: =IF($AB36<>"",$AB36,IF($Q36=0,$AE36,INDEX(WorkDays,MATCH(MAX($AE36,NextWD)-1,WorkDays,1)+$AD36))) -> 46359 | AG36: =IF($AB36<>"","Completed",IF($AA36<>"","In Progress",IF(AND($Y36<>"",$Y36<=DataDate),"Not Started (Late)","Not Started"))) -> In Progress | AH36: =IF($Z36="","",MATCH($AF36,WorkDays,1)-MATCH($Z36,WorkDays,1)) -> 0 | AI36: =IF($O36="","",$O36*IF($AB36<>"",1,$AC36)) | AJ36: Group actual dates = P6; split inside the group ASSUMED (sequenced) – replace with register / DPR dates. In progress at DD; remaining duration set so the group finishes on the P6 date.
A37: CHP-PRC-050 | B37: 4 | C37: Centrifugal chillers – stage inspection & FAT | D37: Procurement | H37: — (non-BIM) | J37: =COUNTIF('BIM Element Map'!$J$6:$J$1000,$A37) -> 0 | L37: Construct | N37: JSW USL-PR-2450 | Q37: 8 | R37: CHP-PRC-040 | S37: FS | T37: 0 | Y37: 46360 | Z37: 46366 | AC37: 0 | AD37: =IF($AB37<>"",0,IF($AA37="",$Q37,MAX(1,ROUND($Q37*(1-$AC37),0)))) -> 8 | AE37: =IF($AA37<>"",$AA37,MAX($X37,NextWD,IF($R37="",0,IF($S37="SS",INDEX(WorkDays,MATCH(INDEX($AE$6:$AE$156,MATCH($R37,$A$6:$A$156,0))-1,WorkDays,1)+1+$T37),INDEX(WorkDays,MATCH(INDEX($AF$6:$AF$156,MATCH($R37,$A$6:$A$156,0)),WorkDays,1)+IF($Q37=0,0,1)+$T37))),IF($U37="",0,IF($V37="SS",INDEX(WorkDays,MATCH(INDEX($AE$6:$AE$156,MATCH($U37,$A$6:$A$156,0))-1,WorkDays,1)+1+$W37),INDEX(WorkDays,MATCH(INDEX($AF$6:$AF$156,MATCH($U37,$A$6:$A$156,0)),WorkDays,1)+IF($Q37=0,0,1)+$W37))))) -> 46360 | AF37: =IF($AB37<>"",$AB37,IF($Q37=0,$AE37,INDEX(WorkDays,MATCH(MAX($AE37,NextWD)-1,WorkDays,1)+$AD37))) -> 46368 | AG37: =IF($AB37<>"","Completed",IF($AA37<>"","In Progress",IF(AND($Y37<>"",$Y37<=DataDate),"Not Started (Late)","Not Started"))) -> Not Started | AH37: =IF($Z37="","",MATCH($AF37,WorkDays,1)-MATCH($Z37,WorkDays,1)) -> 2 | AI37: =IF($O37="","",$O37*IF($AB37<>"",1,$AC37)) | AJ37: Sequenced to finish on P6 date 31-Dec-26.
A38: CHP-PRC-060 | B38: 4 | C38: Centrifugal chillers – dispatch & transit to site | D38: Procurement | H38: — (non-BIM) | J38: =COUNTIF('BIM Element Map'!$J$6:$J$1000,$A38) -> 0 | L38: Construct | N38: JSW USL-PR-2450 | Q38: 15 | R38: CHP-PRC-050 | S38: FS | T38: 0 | Y38: 46367 | Z38: 46380 | AC38: 0 | AD38: =IF($AB38<>"",0,IF($AA38="",$Q38,MAX(1,ROUND($Q38*(1-$AC38),0)))) -> 15 | AE38: =IF($AA38<>"",$AA38,MAX($X38,NextWD,IF($R38="",0,IF($S38="SS",INDEX(WorkDays,MATCH(INDEX($AE$6:$AE$156,MATCH($R38,$A$6:$A$156,0))-1,WorkDays,1)+1+$T38),INDEX(WorkDays,MATCH(INDEX($AF$6:$AF$156,MATCH($R38,$A$6:$A$156,0)),WorkDays,1)+IF($Q38=0,0,1)+$T38))),IF($U38="",0,IF($V38="SS",INDEX(WorkDays,MATCH(INDEX($AE$6:$AE$156,MATCH($U38,$A$6:$A$156,0))-1,WorkDays,1)+1+$W38),INDEX(WorkDays,MATCH(INDEX($AF$6:$AF$156,MATCH($U38,$A$6:$A$156,0)),WorkDays,1)+IF($Q38=0,0,1)+$W38))))) -> 46370 | AF38: =IF($AB38<>"",$AB38,IF($Q38=0,$AE38,INDEX(WorkDays,MATCH(MAX($AE38,NextWD)-1,WorkDays,1)+$AD38))) -> 46387 | AG38: =IF($AB38<>"","Completed",IF($AA38<>"","In Progress",IF(AND($Y38<>"",$Y38<=DataDate),"Not Started (Late)","Not Started"))) -> Not Started | AH38: =IF($Z38="","",MATCH($AF38,WorkDays,1)-MATCH($Z38,WorkDays,1)) -> 5 | AI38: =IF($O38="","",$O38*IF($AB38<>"",1,$AC38)) | AJ38: Sequenced to finish on P6 date 31-Dec-26.
A39: CHP-MS-070 | B39: 4 | C39: Centrifugal chillers delivered at site | D39: Milestone | H39: — (non-BIM milestone) | J39: =COUNTIF('BIM Element Map'!$J$6:$J$1000,$A39) -> 0 | L39: Milestone | N39: JSW USL-PR-2450 | Q39: 0 | R39: CHP-PRC-060 | S39: FS | T39: 0 | Y39: 46380 | Z39: 46380 | AC39: 0 | AD39: =IF($AB39<>"",0,IF($AA39="",$Q39,MAX(1,ROUND($Q39*(1-$AC39),0)))) -> 0 | AE39: =IF($AA39<>"",$AA39,MAX($X39,NextWD,IF($R39="",0,IF($S39="SS",INDEX(WorkDays,MATCH(INDEX($AE$6:$AE$156,MATCH($R39,$A$6:$A$156,0))-1,WorkDays,1)+1+$T39),INDEX(WorkDays,MATCH(INDEX($AF$6:$AF$156,MATCH($R39,$A$6:$A$156,0)),WorkDays,1)+IF($Q39=0,0,1)+$T39))),IF($U39="",0,IF($V39="SS",INDEX(WorkDays,MATCH(INDEX($AE$6:$AE$156,MATCH($U39,$A$6:$A$156,0))-1,WorkDays,1)+1+$W39),INDEX(WorkDays,MATCH(INDEX($AF$6:$AF$156,MATCH($U39,$A$6:$A$156,0)),WorkDays,1)+IF($Q39=0,0,1)+$W39))))) -> 46387 | AF39: =IF($AB39<>"",$AB39,IF($Q39=0,$AE39,INDEX(WorkDays,MATCH(MAX($AE39,NextWD)-1,WorkDays,1)+$AD39))) -> 46387 | AG39: =IF($AB39<>"","Completed",IF($AA39<>"","In Progress",IF(AND($Y39<>"",$Y39<=DataDate),"Not Started (Late)","Not Started"))) -> Not Started | AH39: =IF($Z39="","",MATCH($AF39,WorkDays,1)-MATCH($Z39,WorkDays,1)) -> 5 | AI39: =IF($O39="","",$O39*IF($AB39<>"",1,$AC39)) | AJ39: Sequenced to finish on P6 date 31-Dec-26.
A40: JSW USL-PR-2460 | B40: 3 | C40: Pumps - PR to PO | J40: =SUMIF($B$41:$B$43,4,$J$41:$J$43) -> 0 | O40: =IF(SUMIF($B$41:$B$43,4,$O$41:$O$43)=0,"",SUMIF($B$41:$B$43,4,$O$41:$O$43)) | Y40: =MIN($Y$41:$Y$43) -> 46081 | Z40: =MAX($Z$41:$Z$43) -> 46154 | AA40: =IF(COUNT($AA$41:$AA$43)=0,"",MIN($AA$41:$AA$43)) -> 46056 | AB40: =IF(COUNTIFS($B$41:$B$43,4,$AG$41:$AG$43,"Completed")=COUNTIF($B$41:$B$43,4),MAX($AB$41:$AB$43),"") -> 46139 | AC40: =IFERROR(IF(SUMIF($B$41:$B$43,4,$O$41:$O$43)>0,SUMIF($B$41:$B$43,4,$AI$41:$AI$43)/SUMIF($B$41:$B$43,4,$O$41:$O$43),IFERROR(SUMPRODUCT(--($B$41:$B$43=4),$Q$41:$Q$43,$AC$41:$AC$43)/SUMIF($B$41:$B$43,4,$Q$41:$Q$43),AVERAGEIF($B$41:$B$43,4,$AC$41:$AC$43))),"") -> 1 | AE40: =MIN($AE$41:$AE$43) -> 46056 | AF40: =MAX($AF$41:$AF$43) -> 46139 | AG40: =IF(COUNTIFS($B$41:$B$43,4,$AG$41:$AG$43,"Completed")=COUNTIF($B$41:$B$43,4),"Completed",IF(COUNTIFS($B$41:$B$43,4,$AG$41:$AG$43,"Not Started*")=COUNTIF($B$41:$B$43,4),"Not Started","In Progress")) -> Completed | AH40: =MATCH($AF40,WorkDays,1)-MATCH($Z40,WorkDays,1) -> -12 | AI40: =IF(SUMIF($B$41:$B$43,4,$O$41:$O$43)=0,"",SUMIF($B$41:$B$43,4,$AI$41:$AI$43)) | AJ40: ="P6 check: "&INDEX('P6 Roll-up'!$AB$5:$AB$22,MATCH($A40,'P6 Roll-up'!$A$5:$A$22,0)) -> P6 check: ✔ Same as P6
A41: CHP-PRC-070 | B41: 4 | C41: Pumps – PR, RFQ, bids & technical evaluation | D41: Procurement | H41: — (non-BIM) | J41: =COUNTIF('BIM Element Map'!$J$6:$J$1000,$A41) -> 0 | L41: Construct | N41: JSW USL-PR-2460 | Q41: 46 | X41: 46056 | Y41: 46081 | Z41: 46128 | AA41: 46056 | AB41: 46111 | AC41: 1 | AD41: =IF($AB41<>"",0,IF($AA41="",$Q41,MAX(1,ROUND($Q41*(1-$AC41),0)))) -> 0 | AE41: =IF($AA41<>"",$AA41,MAX($X41,NextWD,IF($R41="",0,IF($S41="SS",INDEX(WorkDays,MATCH(INDEX($AE$6:$AE$156,MATCH($R41,$A$6:$A$156,0))-1,WorkDays,1)+1+$T41),INDEX(WorkDays,MATCH(INDEX($AF$6:$AF$156,MATCH($R41,$A$6:$A$156,0)),WorkDays,1)+IF($Q41=0,0,1)+$T41))),IF($U41="",0,IF($V41="SS",INDEX(WorkDays,MATCH(INDEX($AE$6:$AE$156,MATCH($U41,$A$6:$A$156,0))-1,WorkDays,1)+1+$W41),INDEX(WorkDays,MATCH(INDEX($AF$6:$AF$156,MATCH($U41,$A$6:$A$156,0)),WorkDays,1)+IF($Q41=0,0,1)+$W41))))) -> 46056 | AF41: =IF($AB41<>"",$AB41,IF($Q41=0,$AE41,INDEX(WorkDays,MATCH(MAX($AE41,NextWD)-1,WorkDays,1)+$AD41))) -> 46111 | AG41: =IF($AB41<>"","Completed",IF($AA41<>"","In Progress",IF(AND($Y41<>"",$Y41<=DataDate),"Not Started (Late)","Not Started"))) -> Completed | AH41: =IF($Z41="","",MATCH($AF41,WorkDays,1)-MATCH($Z41,WorkDays,1)) -> -15 | AI41: =IF($O41="","",$O41*IF($AB41<>"",1,$AC41)) | AJ41: Group actual dates = P6; split inside the group ASSUMED (sequenced) – replace with register / DPR dates.
A42: CHP-PRC-080 | B42: 4 | C42: Pumps – commercial negotiation & PO placement | D42: Procurement | H42: — (non-BIM) | J42: =COUNTIF('BIM Element Map'!$J$6:$J$1000,$A42) -> 0 | L42: Construct | N42: JSW USL-PR-2460 | Q42: 24 | R42: CHP-PRC-070 | S42: FS | T42: 0 | Y42: 46129 | Z42: 46154 | AA42: 46112 | AB42: 46139 | AC42: 1 | AD42: =IF($AB42<>"",0,IF($AA42="",$Q42,MAX(1,ROUND($Q42*(1-$AC42),0)))) -> 0 | AE42: =IF($AA42<>"",$AA42,MAX($X42,NextWD,IF($R42="",0,IF($S42="SS",INDEX(WorkDays,MATCH(INDEX($AE$6:$AE$156,MATCH($R42,$A$6:$A$156,0))-1,WorkDays,1)+1+$T42),INDEX(WorkDays,MATCH(INDEX($AF$6:$AF$156,MATCH($R42,$A$6:$A$156,0)),WorkDays,1)+IF($Q42=0,0,1)+$T42))),IF($U42="",0,IF($V42="SS",INDEX(WorkDays,MATCH(INDEX($AE$6:$AE$156,MATCH($U42,$A$6:$A$156,0))-1,WorkDays,1)+1+$W42),INDEX(WorkDays,MATCH(INDEX($AF$6:$AF$156,MATCH($U42,$A$6:$A$156,0)),WorkDays,1)+IF($Q42=0,0,1)+$W42))))) -> 46112 | AF42: =IF($AB42<>"",$AB42,IF($Q42=0,$AE42,INDEX(WorkDays,MATCH(MAX($AE42,NextWD)-1,WorkDays,1)+$AD42))) -> 46139 | AG42: =IF($AB42<>"","Completed",IF($AA42<>"","In Progress",IF(AND($Y42<>"",$Y42<=DataDate),"Not Started (Late)","Not Started"))) -> Completed | AH42: =IF($Z42="","",MATCH($AF42,WorkDays,1)-MATCH($Z42,WorkDays,1)) -> -12 | AI42: =IF($O42="","",$O42*IF($AB42<>"",1,$AC42)) | AJ42: Group actual dates = P6; split inside the group ASSUMED (sequenced) – replace with register / DPR dates.
A43: CHP-PRC-090 | B43: 4 | C43: PO placed – pumps | D43: Procurement | H43: — (non-BIM milestone) | J43: =COUNTIF('BIM Element Map'!$J$6:$J$1000,$A43) -> 0 | L43: Milestone | N43: JSW USL-PR-2460 | Q43: 0 | R43: CHP-PRC-080 | S43: FS | T43: 0 | Y43: 46154 | Z43: 46154 | AA43: 46139 | AB43: 46139 | AC43: 1 | AD43: =IF($AB43<>"",0,IF($AA43="",$Q43,MAX(1,ROUND($Q43*(1-$AC43),0)))) -> 0 | AE43: =IF($AA43<>"",$AA43,MAX($X43,NextWD,IF($R43="",0,IF($S43="SS",INDEX(WorkDays,MATCH(INDEX($AE$6:$AE$156,MATCH($R43,$A$6:$A$156,0))-1,WorkDays,1)+1+$T43),INDEX(WorkDays,MATCH(INDEX($AF$6:$AF$156,MATCH($R43,$A$6:$A$156,0)),WorkDays,1)+IF($Q43=0,0,1)+$T43))),IF($U43="",0,IF($V43="SS",INDEX(WorkDays,MATCH(INDEX($AE$6:$AE$156,MATCH($U43,$A$6:$A$156,0))-1,WorkDays,1)+1+$W43),INDEX(WorkDays,MATCH(INDEX($AF$6:$AF$156,MATCH($U43,$A$6:$A$156,0)),WorkDays,1)+IF($Q43=0,0,1)+$W43))))) -> 46139 | AF43: =IF($AB43<>"",$AB43,IF($Q43=0,$AE43,INDEX(WorkDays,MATCH(MAX($AE43,NextWD)-1,WorkDays,1)+$AD43))) -> 46139 | AG43: =IF($AB43<>"","Completed",IF($AA43<>"","In Progress",IF(AND($Y43<>"",$Y43<=DataDate),"Not Started (Late)","Not Started"))) -> Completed | AH43: =IF($Z43="","",MATCH($AF43,WorkDays,1)-MATCH($Z43,WorkDays,1)) -> -12 | AI43: =IF($O43="","",$O43*IF($AB43<>"",1,$AC43)) | AJ43: Group actual dates = P6; split inside the group ASSUMED (sequenced) – replace with register / DPR dates.
A44: JSW USL-PR-2470 | B44: 3 | C44: Pumps - Manufacturing, Inspection & Delivery | J44: =SUMIF($B$45:$B$48,4,$J$45:$J$48) -> 0 | O44: =IF(SUMIF($B$45:$B$48,4,$O$45:$O$48)=0,"",SUMIF($B$45:$B$48,4,$O$45:$O$48)) | Y44: =MIN($Y$45:$Y$48) -> 46142 | Z44: =MAX($Z$45:$Z$48) -> 46283 | AA44: =IF(COUNT($AA$45:$AA$48)=0,"",MIN($AA$45:$AA$48)) -> 46141 | AB44: =IF(COUNTIFS($B$45:$B$48,4,$AG$45:$AG$48,"Completed")=COUNTIF($B$45:$B$48,4),MAX($AB$45:$AB$48),"") | AC44: =IFERROR(IF(SUMIF($B$45:$B$48,4,$O$45:$O$48)>0,SUMIF($B$45:$B$48,4,$AI$45:$AI$48)/SUMIF($B$45:$B$48,4,$O$45:$O$48),IFERROR(SUMPRODUCT(--($B$45:$B$48=4),$Q$45:$Q$48,$AC$45:$AC$48)/SUMIF($B$45:$B$48,4,$Q$45:$Q$48),AVERAGEIF($B$45:$B$48,4,$AC$45:$AC$48))),"") -> 0.6376971 | AE44: =MIN($AE$45:$AE$48) -> 46141 | AF44: =MAX($AF$45:$AF$48) -> 46387 | AG44: =IF(COUNTIFS($B$45:$B$48,4,$AG$45:$AG$48,"Completed")=COUNTIF($B$45:$B$48,4),"Completed",IF(COUNTIFS($B$45:$B$48,4,$AG$45:$AG$48,"Not Started*")=COUNTIF($B$45:$B$48,4),"Not Started","In Progress")) -> In Progress | AH44: =MATCH($AF44,WorkDays,1)-MATCH($Z44,WorkDays,1) -> 86 | AI44: =IF(SUMIF($B$45:$B$48,4,$O$45:$O$48)=0,"",SUMIF($B$45:$B$48,4,$AI$45:$AI$48)) | AJ44: ="P6 check: "&INDEX('P6 Roll-up'!$AB$5:$AB$22,MATCH($A44,'P6 Roll-up'!$A$5:$A$22,0)) -> P6 check: ✔ Same as P6
A45: CHP-PRC-100 | B45: 4 | C45: Pumps – manufacturing | D45: Procurement | H45: — (non-BIM) | J45: =COUNTIF('BIM Element Map'!$J$6:$J$1000,$A45) -> 0 | L45: Construct | N45: JSW USL-PR-2470 | Q45: 187 | X45: 46141 | Y45: 46142 | Z45: 46269 | AA45: 46141 | AC45: 0.7059 | AD45: =IF($AB45<>"",0,IF($AA45="",$Q45,MAX(1,ROUND($Q45*(1-$AC45),0)))) -> 55 | AE45: =IF($AA45<>"",$AA45,MAX($X45,NextWD,IF($R45="",0,IF($S45="SS",INDEX(WorkDays,MATCH(INDEX($AE$6:$AE$156,MATCH($R45,$A$6:$A$156,0))-1,WorkDays,1)+1+$T45),INDEX(WorkDays,MATCH(INDEX($AF$6:$AF$156,MATCH($R45,$A$6:$A$156,0)),WorkDays,1)+IF($Q45=0,0,1)+$T45))),IF($U45="",0,IF($V45="SS",INDEX(WorkDays,MATCH(INDEX($AE$6:$AE$156,MATCH($U45,$A$6:$A$156,0))-1,WorkDays,1)+1+$W45),INDEX(WorkDays,MATCH(INDEX($AF$6:$AF$156,MATCH($U45,$A$6:$A$156,0)),WorkDays,1)+IF($Q45=0,0,1)+$W45))))) -> 46141 | AF45: =IF($AB45<>"",$AB45,IF($Q45=0,$AE45,INDEX(WorkDays,MATCH(MAX($AE45,NextWD)-1,WorkDays,1)+$AD45))) -> 46363 | AG45: =IF($AB45<>"","Completed",IF($AA45<>"","In Progress",IF(AND($Y45<>"",$Y45<=DataDate),"Not Started (Late)","Not Started"))) -> In Progress | AH45: =IF($Z45="","",MATCH($AF45,WorkDays,1)-MATCH($Z45,WorkDays,1)) -> 78 | AI45: =IF($O45="","",$O45*IF($AB45<>"",1,$AC45)) | AJ45: Group actual dates = P6; split inside the group ASSUMED (sequenced) – replace with register / DPR dates. In progress at DD; remaining duration set so the group finishes on the P6 date.
A46: CHP-PRC-110 | B46: 4 | C46: Pumps – inspection & performance test | D46: Procurement | H46: — (non-BIM) | J46: =COUNTIF('BIM Element Map'!$J$6:$J$1000,$A46) -> 0 | L46: Construct | N46: JSW USL-PR-2470 | Q46: 6 | R46: CHP-PRC-100 | S46: FS | T46: 0 | Y46: 46270 | Z46: 46274 | AC46: 0 | AD46: =IF($AB46<>"",0,IF($AA46="",$Q46,MAX(1,ROUND($Q46*(1-$AC46),0)))) -> 6 | AE46: =IF($AA46<>"",$AA46,MAX($X46,NextWD,IF($R46="",0,IF($S46="SS",INDEX(WorkDays,MATCH(INDEX($AE$6:$AE$156,MATCH($R46,$A$6:$A$156,0))-1,WorkDays,1)+1+$T46),INDEX(WorkDays,MATCH(INDEX($AF$6:$AF$156,MATCH($R46,$A$6:$A$156,0)),WorkDays,1)+IF($Q46=0,0,1)+$T46))),IF($U46="",0,IF($V46="SS",INDEX(WorkDays,MATCH(INDEX($AE$6:$AE$156,MATCH($U46,$A$6:$A$156,0))-1,WorkDays,1)+1+$W46),INDEX(WorkDays,MATCH(INDEX($AF$6:$AF$156,MATCH($U46,$A$6:$A$156,0)),WorkDays,1)+IF($Q46=0,0,1)+$W46))))) -> 46364 | AF46: =IF($AB46<>"",$AB46,IF($Q46=0,$AE46,INDEX(WorkDays,MATCH(MAX($AE46,NextWD)-1,WorkDays,1)+$AD46))) -> 46370 | AG46: =IF($AB46<>"","Completed",IF($AA46<>"","In Progress",IF(AND($Y46<>"",$Y46<=DataDate),"Not Started (Late)","Not Started"))) -> Not Started (Late) | AH46: =IF($Z46="","",MATCH($AF46,WorkDays,1)-MATCH($Z46,WorkDays,1)) -> 80 | AI46: =IF($O46="","",$O46*IF($AB46<>"",1,$AC46)) | AJ46: Sequenced to finish on P6 date 31-Dec-26.
A47: CHP-PRC-120 | B47: 4 | C47: Pumps – dispatch & transit to site | D47: Procurement | H47: — (non-BIM) | J47: =COUNTIF('BIM Element Map'!$J$6:$J$1000,$A47) -> 0 | L47: Construct | N47: JSW USL-PR-2470 | Q47: 14 | R47: CHP-PRC-110 | S47: FS | T47: 0 | Y47: 46275 | Z47: 46283 | AC47: 0 | AD47: =IF($AB47<>"",0,IF($AA47="",$Q47,MAX(1,ROUND($Q47*(1-$AC47),0)))) -> 14 | AE47: =IF($AA47<>"",$AA47,MAX($X47,NextWD,IF($R47="",0,IF($S47="SS",INDEX(WorkDays,MATCH(INDEX($AE$6:$AE$156,MATCH($R47,$A$6:$A$156,0))-1,WorkDays,1)+1+$T47),INDEX(WorkDays,MATCH(INDEX($AF$6:$AF$156,MATCH($R47,$A$6:$A$156,0)),WorkDays,1)+IF($Q47=0,0,1)+$T47))),IF($U47="",0,IF($V47="SS",INDEX(WorkDays,MATCH(INDEX($AE$6:$AE$156,MATCH($U47,$A$6:$A$156,0))-1,WorkDays,1)+1+$W47),INDEX(WorkDays,MATCH(INDEX($AF$6:$AF$156,MATCH($U47,$A$6:$A$156,0)),WorkDays,1)+IF($Q47=0,0,1)+$W47))))) -> 46371 | AF47: =IF($AB47<>"",$AB47,IF($Q47=0,$AE47,INDEX(WorkDays,MATCH(MAX($AE47,NextWD)-1,WorkDays,1)+$AD47))) -> 46387 | AG47: =IF($AB47<>"","Completed",IF($AA47<>"","In Progress",IF(AND($Y47<>"",$Y47<=DataDate),"Not Started (Late)","Not Started"))) -> Not Started (Late) | AH47: =IF($Z47="","",MATCH($AF47,WorkDays,1)-MATCH($Z47,WorkDays,1)) -> 86 | AI47: =IF($O47="","",$O47*IF($AB47<>"",1,$AC47)) | AJ47: Sequenced to finish on P6 date 31-Dec-26.
A48: CHP-MS-080 | B48: 4 | C48: Pumps delivered at site | D48: Milestone | H48: — (non-BIM milestone) | J48: =COUNTIF('BIM Element Map'!$J$6:$J$1000,$A48) -> 0 | L48: Milestone | N48: JSW USL-PR-2470 | Q48: 0 | R48: CHP-PRC-120 | S48: FS | T48: 0 | Y48: 46283 | Z48: 46283 | AC48: 0 | AD48: =IF($AB48<>"",0,IF($AA48="",$Q48,MAX(1,ROUND($Q48*(1-$AC48),0)))) -> 0 | AE48: =IF($AA48<>"",$AA48,MAX($X48,NextWD,IF($R48="",0,IF($S48="SS",INDEX(WorkDays,MATCH(INDEX($AE$6:$AE$156,MATCH($R48,$A$6:$A$156,0))-1,WorkDays,1)+1+$T48),INDEX(WorkDays,MATCH(INDEX($AF$6:$AF$156,MATCH($R48,$A$6:$A$156,0)),WorkDays,1)+IF($Q48=0,0,1)+$T48))),IF($U48="",0,IF($V48="SS",INDEX(WorkDays,MATCH(INDEX($AE$6:$AE$156,MATCH($U48,$A$6:$A$156,0))-1,WorkDays,1)+1+$W48),INDEX(WorkDays,MATCH(INDEX($AF$6:$AF$156,MATCH($U48,$A$6:$A$156,0)),WorkDays,1)+IF($Q48=0,0,1)+$W48))))) -> 46387 | AF48: =IF($AB48<>"",$AB48,IF($Q48=0,$AE48,INDEX(WorkDays,MATCH(MAX($AE48,NextWD)-1,WorkDays,1)+$AD48))) -> 46387 | AG48: =IF($AB48<>"","Completed",IF($AA48<>"","In Progress",IF(AND($Y48<>"",$Y48<=DataDate),"Not Started (Late)","Not Started"))) -> Not Started (Late) | AH48: =IF($Z48="","",MATCH($AF48,WorkDays,1)-MATCH($Z48,WorkDays,1)) -> 86 | AI48: =IF($O48="","",$O48*IF($AB48<>"",1,$AC48)) | AJ48: Sequenced to finish on P6 date 31-Dec-26.
A49: CHP.C | B49: 2 | C49: CONSTRUCTION | J49: =SUMIF($B$50:$B$139,4,$J$50:$J$139) -> 396 | Y49: =MIN($Y$50:$Y$139) -> 46042 | Z49: =MAX($Z$50:$Z$139) -> 46522 | AA49: =IF(COUNT($AA$50:$AA$139)=0,"",MIN($AA$50:$AA$139)) -> 46008 | AB49: =IF(COUNTIFS($B$50:$B$139,4,$AG$50:$AG$139,"Completed")=COUNTIF($B$50:$B$139,4),MAX($AB$50:$AB$139),"") | AC49: =IFERROR(IFERROR(SUMPRODUCT(--($B$50:$B$139=4),$Q$50:$Q$139,$AC$50:$AC$139)/SUMIF($B$50:$B$139,4,$Q$50:$Q$139),AVERAGEIF($B$50:$B$139,4,$AC$50:$AC$139)),"") -> 0.52017513 | AE49: =MIN($AE$50:$AE$139) -> 46008 | AF49: =MAX($AF$50:$AF$139) -> 46510 | AG49: =IF(COUNTIFS($B$50:$B$139,4,$AG$50:$AG$139,"Completed")=COUNTIF($B$50:$B$139,4),"Completed",IF(COUNTIFS($B$50:$B$139,4,$AG$50:$AG$139,"Not Started*")=COUNTIF($B$50:$B$139,4),"Not Started","In Progress")) -> In Progress | AH49: =MATCH($AF49,WorkDays,1)-MATCH($Z49,WorkDays,1) -> -11
A50: JSW USL-CON-CHI-1000 | B50: 3 | C50: Piling Works | J50: =SUMIF($B$51:$B$56,4,$J$51:$J$56) -> 53 | O50: =IF(SUMIF($B$51:$B$56,4,$O$51:$O$56)=0,"",SUMIF($B$51:$B$56,4,$O$51:$O$56)) -> 53 | Y50: =MIN($Y$51:$Y$56) -> 46042 | Z50: =MAX($Z$51:$Z$56) -> 46077 | AA50: =IF(COUNT($AA$51:$AA$56)=0,"",MIN($AA$51:$AA$56)) -> 46008 | AB50: =IF(COUNTIFS($B$51:$B$56,4,$AG$51:$AG$56,"Completed")=COUNTIF($B$51:$B$56,4),MAX($AB$51:$AB$56),"") -> 46041 | AC50: =IFERROR(IF(SUMIF($B$51:$B$56,4,$O$51:$O$56)>0,SUMIF($B$51:$B$56,4,$AI$51:$AI$56)/SUMIF($B$51:$B$56,4,$O$51:$O$56),IFERROR(SUMPRODUCT(--($B$51:$B$56=4),$Q$51:$Q$56,$AC$51:$AC$56)/SUMIF($B$51:$B$56,4,$Q$51:$Q$56),AVERAGEIF($B$51:$B$56,4,$AC$51:$AC$56))),"") -> 1 | AE50: =MIN($AE$51:$AE$56) -> 46008 | AF50: =MAX($AF$51:$AF$56) -> 46041 | AG50: =IF(COUNTIFS($B$51:$B$56,4,$AG$51:$AG$56,"Completed")=COUNTIF($B$51:$B$56,4),"Completed",IF(COUNTIFS($B$51:$B$56,4,$AG$51:$AG$56,"Not Started*")=COUNTIF($B$51:$B$56,4),"Not Started","In Progress")) -> Completed | AH50: =MATCH($AF50,WorkDays,1)-MATCH($Z50,WorkDays,1) -> -30 | AI50: =IF(SUMIF($B$51:$B$56,4,$O$51:$O$56)=0,"",SUMIF($B$51:$B$56,4,$AI$51:$AI$56)) -> 53 | AJ50: ="P6 check: "&INDEX('P6 Roll-up'!$AB$5:$AB$22,MATCH($A50,'P6 Roll-up'!$A$5:$A$22,0)) -> P6 check: ✔ Same as P6
A51: CHP-PIL-010 | B51: 4 | C51: Piles Row A (P1–P7) | D51: Piling | E51: Row A | F51: Row A : Grid 1–6 | G51: Cut-off EL(-)2.425 ; L = 26 m | H51: Structural Foundations (Pile) | I51: P1–P7 | J51: =COUNTIF('BIM Element Map'!$J$6:$J$1000,$A51) -> 7 | K51: CHP-PIL-010 | L51: Construct | M51: O24091-990-C-B-19530-001 | N51: JSW USL-CON-CHI-1000 | O51: 7 | P51: Nos | Q51: 4 | X51: 46008 | Y51: 46042 | Z51: 46045 | AA51: 46008 | AB51: 46011 | AC51: 1 | AD51: =IF($AB51<>"",0,IF($AA51="",$Q51,MAX(1,ROUND($Q51*(1-$AC51),0)))) -> 0 | AE51: =IF($AA51<>"",$AA51,MAX($X51,NextWD,IF($R51="",0,IF($S51="SS",INDEX(WorkDays,MATCH(INDEX($AE$6:$AE$156,MATCH($R51,$A$6:$A$156,0))-1,WorkDays,1)+1+$T51),INDEX(WorkDays,MATCH(INDEX($AF$6:$AF$156,MATCH($R51,$A$6:$A$156,0)),WorkDays,1)+IF($Q51=0,0,1)+$T51))),IF($U51="",0,IF($V51="SS",INDEX(WorkDays,MATCH(INDEX($AE$6:$AE$156,MATCH($U51,$A$6:$A$156,0))-1,WorkDays,1)+1+$W51),INDEX(WorkDays,MATCH(INDEX($AF$6:$AF$156,MATCH($U51,$A$6:$A$156,0)),WorkDays,1)+IF($Q51=0,0,1)+$W51))))) -> 46008 | AF51: =IF($AB51<>"",$AB51,IF($Q51=0,$AE51,INDEX(WorkDays,MATCH(MAX($AE51,NextWD)-1,WorkDays,1)+$AD51))) -> 46011 | AG51: =IF($AB51<>"","Completed",IF($AA51<>"","In Progress",IF(AND($Y51<>"",$Y51<=DataDate),"Not Started (Late)","Not Started"))) -> Completed | AH51: =IF($Z51="","",MATCH($AF51,WorkDays,1)-MATCH($Z51,WorkDays,1)) -> -27 | AI51: =IF($O51="","",$O51*IF($AB51<>"",1,$AC51)) -> 7 | AJ51: Group actual dates = P6; split inside the group ASSUMED (sequenced) – replace with register / DPR dates.
A52: CHP-PIL-020 | B52: 4 | C52: Piles Row B (P8–P16) | D52: Piling | E52: Row B | F52: Row B : Grid 1–6 | G52: Cut-off EL(-)2.425 ; L = 26 m | H52: Structural Foundations (Pile) | I52: P8–P16 | J52: =COUNTIF('BIM Element Map'!$J$6:$J$1000,$A52) -> 9 | K52: CHP-PIL-020 | L52: Construct | M52: O24091-990-C-B-19530-001 | N52: JSW USL-CON-CHI-1000 | O52: 9 | P52: Nos | Q52: 5 | R52: CHP-PIL-010 | S52: FS | T52: 0 | Y52: 46046 | Z52: 46053 | AA52: 46013 | AB52: 46018 | AC52: 1 | AD52: =IF($AB52<>"",0,IF($AA52="",$Q52,MAX(1,ROUND($Q52*(1-$AC52),0)))) -> 0 | AE52: =IF($AA52<>"",$AA52,MAX($X52,NextWD,IF($R52="",0,IF($S52="SS",INDEX(WorkDays,MATCH(INDEX($AE$6:$AE$156,MATCH($R52,$A$6:$A$156,0))-1,WorkDays,1)+1+$T52),INDEX(WorkDays,MATCH(INDEX($AF$6:$AF$156,MATCH($R52,$A$6:$A$156,0)),WorkDays,1)+IF($Q52=0,0,1)+$T52))),IF($U52="",0,IF($V52="SS",INDEX(WorkDays,MATCH(INDEX($AE$6:$AE$156,MATCH($U52,$A$6:$A$156,0))-1,WorkDays,1)+1+$W52),INDEX(WorkDays,MATCH(INDEX($AF$6:$AF$156,MATCH($U52,$A$6:$A$156,0)),WorkDays,1)+IF($Q52=0,0,1)+$W52))))) -> 46013 | AF52: =IF($AB52<>"",$AB52,IF($Q52=0,$AE52,INDEX(WorkDays,MATCH(MAX($AE52,NextWD)-1,WorkDays,1)+$AD52))) -> 46018 | AG52: =IF($AB52<>"","Completed",IF($AA52<>"","In Progress",IF(AND($Y52<>"",$Y52<=DataDate),"Not Started (Late)","Not Started"))) -> Completed | AH52: =IF($Z52="","",MATCH($AF52,WorkDays,1)-MATCH($Z52,WorkDays,1)) -> -28 | AI52: =IF($O52="","",$O52*IF($AB52<>"",1,$AC52)) -> 9 | AJ52: Group actual dates = P6; split inside the group ASSUMED (sequenced) – replace with register / DPR dates.
A53: CHP-PIL-030 | B53: 4 | C53: Piles Row C (P17–P22) | D53: Piling | E53: Row C | F53: Row C : Grid 1–6 | G53: Cut-off EL(-)2.425 ; L = 26 m | H53: Structural Foundations (Pile) | I53: P17–P22 | J53: =COUNTIF('BIM Element Map'!$J$6:$J$1000,$A53) -> 6 | K53: CHP-PIL-030 | L53: Construct | M53: O24091-990-C-B-19530-001 | N53: JSW USL-CON-CHI-1000 | O53: 6 | P53: Nos | Q53: 3 | R53: CHP-PIL-020 | S53: FS | T53: 0 | Y53: 46055 | Z53: 46057 | AA53: 46020 | AB53: 46022 | AC53: 1 | AD53: =IF($AB53<>"",0,IF($AA53="",$Q53,MAX(1,ROUND($Q53*(1-$AC53),0)))) -> 0 | AE53: =IF($AA53<>"",$AA53,MAX($X53,NextWD,IF($R53="",0,IF($S53="SS",INDEX(WorkDays,MATCH(INDEX($AE$6:$AE$156,MATCH($R53,$A$6:$A$156,0))-1,WorkDays,1)+1+$T53),INDEX(WorkDays,MATCH(INDEX($AF$6:$AF$156,MATCH($R53,$A$6:$A$156,0)),WorkDays,1)+IF($Q53=0,0,1)+$T53))),IF($U53="",0,IF($V53="SS",INDEX(WorkDays,MATCH(INDEX($AE$6:$AE$156,MATCH($U53,$A$6:$A$156,0))-1,WorkDays,1)+1+$W53),INDEX(WorkDays,MATCH(INDEX($AF$6:$AF$156,MATCH($U53,$A$6:$A$156,0)),WorkDays,1)+IF($Q53=0,0,1)+$W53))))) -> 46020 | AF53: =IF($AB53<>"",$AB53,IF($Q53=0,$AE53,INDEX(WorkDays,MATCH(MAX($AE53,NextWD)-1,WorkDays,1)+$AD53))) -> 46022 | AG53: =IF($AB53<>"","Completed",IF($AA53<>"","In Progress",IF(AND($Y53<>"",$Y53<=DataDate),"Not Started (Late)","Not Started"))) -> Completed | AH53: =IF($Z53="","",MATCH($AF53,WorkDays,1)-MATCH($Z53,WorkDays,1)) -> -28 | AI53: =IF($O53="","",$O53*IF($AB53<>"",1,$AC53)) -> 6 | AJ53: Group actual dates = P6; split inside the group ASSUMED (sequenced) – replace with register / DPR dates.
A54: CHP-PIL-040 | B54: 4 | C54: Piles Row D (P23–P34) | D54: Piling | E54: Row D | F54: Row D : Grid 1–6 | G54: Cut-off EL(-)2.425 ; L = 26 m | H54: Structural Foundations (Pile) | I54: P23–P34 | J54: =COUNTIF('BIM Element Map'!$J$6:$J$1000,$A54) -> 12 | K54: CHP-PIL-040 | L54: Construct | M54: O24091-990-C-B-19530-001 | N54: JSW USL-CON-CHI-1000 | O54: 12 | P54: Nos | Q54: 6 | R54: CHP-PIL-030 | S54: FS | T54: 0 | Y54: 46058 | Z54: 46065 | AA54: 46024 | AB54: 46030 | AC54: 1 | AD54: =IF($AB54<>"",0,IF($AA54="",$Q54,MAX(1,ROUND($Q54*(1-$AC54),0)))) -> 0 | AE54: =IF($AA54<>"",$AA54,MAX($X54,NextWD,IF($R54="",0,IF($S54="SS",INDEX(WorkDays,MATCH(INDEX($AE$6:$AE$156,MATCH($R54,$A$6:$A$156,0))-1,WorkDays,1)+1+$T54),INDEX(WorkDays,MATCH(INDEX($AF$6:$AF$156,MATCH($R54,$A$6:$A$156,0)),WorkDays,1)+IF($Q54=0,0,1)+$T54))),IF($U54="",0,IF($V54="SS",INDEX(WorkDays,MATCH(INDEX($AE$6:$AE$156,MATCH($U54,$A$6:$A$156,0))-1,WorkDays,1)+1+$W54),INDEX(WorkDays,MATCH(INDEX($AF$6:$AF$156,MATCH($U54,$A$6:$A$156,0)),WorkDays,1)+IF($Q54=0,0,1)+$W54))))) -> 46024 | AF54: =IF($AB54<>"",$AB54,IF($Q54=0,$AE54,INDEX(WorkDays,MATCH(MAX($AE54,NextWD)-1,WorkDays,1)+$AD54))) -> 46030 | AG54: =IF($AB54<>"","Completed",IF($AA54<>"","In Progress",IF(AND($Y54<>"",$Y54<=DataDate),"Not Started (Late)","Not Started"))) -> Completed | AH54: =IF($Z54="","",MATCH($AF54,WorkDays,1)-MATCH($Z54,WorkDays,1)) -> -29 | AI54: =IF($O54="","",$O54*IF($AB54<>"",1,$AC54)) -> 12 | AJ54: Group actual dates = P6; split inside the group ASSUMED (sequenced) – replace with register / DPR dates.
A55: CHP-PIL-050 | B55: 4 | C55: Piles Rows D.1 & D.2 (P35–P41) | D55: Piling | E55: Row D.1/D.2 | F55: Rows D.1 & D.2 : Grid 1, 2, 5.1, 6 | G55: Cut-off EL(-)2.425 ; L = 26 m | H55: Structural Foundations (Pile) | I55: P35–P41 | J55: =COUNTIF('BIM Element Map'!$J$6:$J$1000,$A55) -> 7 | K55: CHP-PIL-050 | L55: Construct | M55: O24091-990-C-B-19530-001 | N55: JSW USL-CON-CHI-1000 | O55: 7 | P55: Nos | Q55: 4 | R55: CHP-PIL-040 | S55: FS | T55: 0 | Y55: 46066 | Z55: 46070 | AA55: 46031 | AB55: 46035 | AC55: 1 | AD55: =IF($AB55<>"",0,IF($AA55="",$Q55,MAX(1,ROUND($Q55*(1-$AC55),0)))) -> 0 | AE55: =IF($AA55<>"",$AA55,MAX($X55,NextWD,IF($R55="",0,IF($S55="SS",INDEX(WorkDays,MATCH(INDEX($AE$6:$AE$156,MATCH($R55,$A$6:$A$156,0))-1,WorkDays,1)+1+$T55),INDEX(WorkDays,MATCH(INDEX($AF$6:$AF$156,MATCH($R55,$A$6:$A$156,0)),WorkDays,1)+IF($Q55=0,0,1)+$T55))),IF($U55="",0,IF($V55="SS",INDEX(WorkDays,MATCH(INDEX($AE$6:$AE$156,MATCH($U55,$A$6:$A$156,0))-1,WorkDays,1)+1+$W55),INDEX(WorkDays,MATCH(INDEX($AF$6:$AF$156,MATCH($U55,$A$6:$A$156,0)),WorkDays,1)+IF($Q55=0,0,1)+$W55))))) -> 46031 | AF55: =IF($AB55<>"",$AB55,IF($Q55=0,$AE55,INDEX(WorkDays,MATCH(MAX($AE55,NextWD)-1,WorkDays,1)+$AD55))) -> 46035 | AG55: =IF($AB55<>"","Completed",IF($AA55<>"","In Progress",IF(AND($Y55<>"",$Y55<=DataDate),"Not Started (Late)","Not Started"))) -> Completed | AH55: =IF($Z55="","",MATCH($AF55,WorkDays,1)-MATCH($Z55,WorkDays,1)) -> -29 | AI55: =IF($O55="","",$O55*IF($AB55<>"",1,$AC55)) -> 7 | AJ55: Group actual dates = P6; split inside the group ASSUMED (sequenced) – replace with register / DPR dates.
A56: CHP-PIL-060 | B56: 4 | C56: Piles Row E (P42–P53) | D56: Piling | E56: Row E | F56: Row E : Grid 1–6 | G56: Cut-off EL(-)2.425 ; L = 26 m | H56: Structural Foundations (Pile) | I56: P42–P53 | J56: =COUNTIF('BIM Element Map'!$J$6:$J$1000,$A56) -> 12 | K56: CHP-PIL-060 | L56: Construct | M56: O24091-990-C-B-19530-001 | N56: JSW USL-CON-CHI-1000 | O56: 12 | P56: Nos | Q56: 5 | R56: CHP-PIL-050 | S56: FS | T56: 0 | Y56: 46071 | Z56: 46077 | AA56: 46036 | AB56: 46041 | AC56: 1 | AD56: =IF($AB56<>"",0,IF($AA56="",$Q56,MAX(1,ROUND($Q56*(1-$AC56),0)))) -> 0 | AE56: =IF($AA56<>"",$AA56,MAX($X56,NextWD,IF($R56="",0,IF($S56="SS",INDEX(WorkDays,MATCH(INDEX($AE$6:$AE$156,MATCH($R56,$A$6:$A$156,0))-1,WorkDays,1)+1+$T56),INDEX(WorkDays,MATCH(INDEX($AF$6:$AF$156,MATCH($R56,$A$6:$A$156,0)),WorkDays,1)+IF($Q56=0,0,1)+$T56))),IF($U56="",0,IF($V56="SS",INDEX(WorkDays,MATCH(INDEX($AE$6:$AE$156,MATCH($U56,$A$6:$A$156,0))-1,WorkDays,1)+1+$W56),INDEX(WorkDays,MATCH(INDEX($AF$6:$AF$156,MATCH($U56,$A$6:$A$156,0)),WorkDays,1)+IF($Q56=0,0,1)+$W56))))) -> 46036 | AF56: =IF($AB56<>"",$AB56,IF($Q56=0,$AE56,INDEX(WorkDays,MATCH(MAX($AE56,NextWD)-1,WorkDays,1)+$AD56))) -> 46041 | AG56: =IF($AB56<>"","Completed",IF($AA56<>"","In Progress",IF(AND($Y56<>"",$Y56<=DataDate),"Not Started (Late)","Not Started"))) -> Completed | AH56: =IF($Z56="","",MATCH($AF56,WorkDays,1)-MATCH($Z56,WorkDays,1)) -> -30 | AI56: =IF($O56="","",$O56*IF($AB56<>"",1,$AC56)) -> 12 | AJ56: Group actual dates = P6; split inside the group ASSUMED (sequenced) – replace with register / DPR dates.
A57: JSW USL-CON-CHI-1010 | B57: 3 | C57: Excavation incl. pile chipping | J57: =SUMIF($B$58:$B$60,4,$J$58:$J$60) -> 3 | O57: =IF(SUMIF($B$58:$B$60,4,$O$58:$O$60)=0,"",SUMIF($B$58:$B$60,4,$O$58:$O$60)) | Y57: =MIN($Y$58:$Y$60) -> 46112 | Z57: =MAX($Z$58:$Z$60) -> 46182 | AA57: =IF(COUNT($AA$58:$AA$60)=0,"",MIN($AA$58:$AA$60)) -> 46071 | AB57: =IF(COUNTIFS($B$58:$B$60,4,$AG$58:$AG$60,"Completed")=COUNTIF($B$58:$B$60,4),MAX($AB$58:$AB$60),"") -> 46111 | AC57: =IFERROR(IF(SUMIF($B$58:$B$60,4,$O$58:$O$60)>0,SUMIF($B$58:$B$60,4,$AI$58:$AI$60)/SUMIF($B$58:$B$60,4,$O$58:$O$60),IFERROR(SUMPRODUCT(--($B$58:$B$60=4),$Q$58:$Q$60,$AC$58:$AC$60)/SUMIF($B$58:$B$60,4,$Q$58:$Q$60),AVERAGEIF($B$58:$B$60,4,$AC$58:$AC$60))),"") -> 1 | AE57: =MIN($AE$58:$AE$60) -> 46071 | AF57: =MAX($AF$58:$AF$60) -> 46111 | AG57: =IF(COUNTIFS($B$58:$B$60,4,$AG$58:$AG$60,"Completed")=COUNTIF($B$58:$B$60,4),"Completed",IF(COUNTIFS($B$58:$B$60,4,$AG$58:$AG$60,"Not Started*")=COUNTIF($B$58:$B$60,4),"Not Started","In Progress")) -> Completed | AH57: =MATCH($AF57,WorkDays,1)-MATCH($Z57,WorkDays,1) -> -60 | AI57: =IF(SUMIF($B$58:$B$60,4,$O$58:$O$60)=0,"",SUMIF($B$58:$B$60,4,$AI$58:$AI$60)) | AJ57: ="P6 check: "&INDEX('P6 Roll-up'!$AB$5:$AB$22,MATCH($A57,'P6 Roll-up'!$A$5:$A$22,0)) -> P6 check: ✔ Same as P6
A58: CHP-EXC-010 | B58: 4 | C58: Excavation, pile chipping & PCC prep – Zone-1 (Grid 1–3) | D58: Excavation | E58: Z1 | F58: Grid 1–3 : Row E–A | G58: FGL EL(-)0.500 to EL(-)2.575 (incl. PCC) | H58: Excavation solid / Topography (if modelled) | J58: =COUNTIF('BIM Element Map'!$J$6:$J$1000,$A58) -> 1 | K58: CHP-EXC-010 | L58: Demolish | N58: JSW USL-CON-CHI-1010 | Q58: 15 | X58: 46071 | Y58: 46112 | Z58: 46142 | AA58: 46071 | AB58: 46088 | AC58: 1 | AD58: =IF($AB58<>"",0,IF($AA58="",$Q58,MAX(1,ROUND($Q58*(1-$AC58),0)))) -> 0 | AE58: =IF($AA58<>"",$AA58,MAX($X58,NextWD,IF($R58="",0,IF($S58="SS",INDEX(WorkDays,MATCH(INDEX($AE$6:$AE$156,MATCH($R58,$A$6:$A$156,0))-1,WorkDays,1)+1+$T58),INDEX(WorkDays,MATCH(INDEX($AF$6:$AF$156,MATCH($R58,$A$6:$A$156,0)),WorkDays,1)+IF($Q58=0,0,1)+$T58))),IF($U58="",0,IF($V58="SS",INDEX(WorkDays,MATCH(INDEX($AE$6:$AE$156,MATCH($U58,$A$6:$A$156,0))-1,WorkDays,1)+1+$W58),INDEX(WorkDays,MATCH(INDEX($AF$6:$AF$156,MATCH($U58,$A$6:$A$156,0)),WorkDays,1)+IF($Q58=0,0,1)+$W58))))) -> 46071 | AF58: =IF($AB58<>"",$AB58,IF($Q58=0,$AE58,INDEX(WorkDays,MATCH(MAX($AE58,NextWD)-1,WorkDays,1)+$AD58))) -> 46088 | AG58: =IF($AB58<>"","Completed",IF($AA58<>"","In Progress",IF(AND($Y58<>"",$Y58<=DataDate),"Not Started (Late)","Not Started"))) -> Completed | AH58: =IF($Z58="","",MATCH($AF58,WorkDays,1)-MATCH($Z58,WorkDays,1)) -> -45 | AI58: =IF($O58="","",$O58*IF($AB58<>"",1,$AC58)) | AJ58: Group actual dates = P6; split inside the group ASSUMED (sequenced) – replace with register / DPR dates. Task type 'Demolish' only if excavation solids are modelled.
A59: CHP-EXC-020 | B59: 4 | C59: Excavation, pile chipping & PCC prep – Zone-2 (Grid 3–5) | D59: Excavation | E59: Z2 | F59: Grid 3–5 : Row E–A | G59: FGL EL(-)0.500 to EL(-)2.575 (incl. PCC) | H59: Excavation solid / Topography (if modelled) | J59: =COUNTIF('BIM Element Map'!$J$6:$J$1000,$A59) -> 1 | K59: CHP-EXC-020 | L59: Demolish | N59: JSW USL-CON-CHI-1010 | Q59: 12 | R59: CHP-EXC-010 | S59: SS | T59: 10 | X59: 46086 | Y59: 46137 | Z59: 46163 | AA59: 46086 | AB59: 46099 | AC59: 1 | AD59: =IF($AB59<>"",0,IF($AA59="",$Q59,MAX(1,ROUND($Q59*(1-$AC59),0)))) -> 0 | AE59: =IF($AA59<>"",$AA59,MAX($X59,NextWD,IF($R59="",0,IF($S59="SS",INDEX(WorkDays,MATCH(INDEX($AE$6:$AE$156,MATCH($R59,$A$6:$A$156,0))-1,WorkDays,1)+1+$T59),INDEX(WorkDays,MATCH(INDEX($AF$6:$AF$156,MATCH($R59,$A$6:$A$156,0)),WorkDays,1)+IF($Q59=0,0,1)+$T59))),IF($U59="",0,IF($V59="SS",INDEX(WorkDays,MATCH(INDEX($AE$6:$AE$156,MATCH($U59,$A$6:$A$156,0))-1,WorkDays,1)+1+$W59),INDEX(WorkDays,MATCH(INDEX($AF$6:$AF$156,MATCH($U59,$A$6:$A$156,0)),WorkDays,1)+IF($Q59=0,0,1)+$W59))))) -> 46086 | AF59: =IF($AB59<>"",$AB59,IF($Q59=0,$AE59,INDEX(WorkDays,MATCH(MAX($AE59,NextWD)-1,WorkDays,1)+$AD59))) -> 46099 | AG59: =IF($AB59<>"","Completed",IF($AA59<>"","In Progress",IF(AND($Y59<>"",$Y59<=DataDate),"Not Started (Late)","Not Started"))) -> Completed | AH59: =IF($Z59="","",MATCH($AF59,WorkDays,1)-MATCH($Z59,WorkDays,1)) -> -53 | AI59: =IF($O59="","",$O59*IF($AB59<>"",1,$AC59)) | AJ59: Group actual dates = P6; split inside the group ASSUMED (sequenced) – replace with register / DPR dates. Task type 'Demolish' only if excavation solids are modelled.
A60: CHP-EXC-030 | B60: 4 | C60: Excavation, pile chipping & PCC prep – Zone-3 (Grid 5–6) | D60: Excavation | E60: Z3 | F60: Grid 5–6 : Row E–A | G60: FGL EL(-)0.500 to EL(-)2.575 (incl. PCC) | H60: Excavation solid / Topography (if modelled) | J60: =COUNTIF('BIM Element Map'!$J$6:$J$1000,$A60) -> 1 | K60: CHP-EXC-030 | L60: Demolish | N60: JSW USL-CON-CHI-1010 | Q60: 12 | R60: CHP-EXC-020 | S60: SS | T60: 9 | X60: 46097 | Y60: 46157 | Z60: 46182 | AA60: 46097 | AB60: 46111 | AC60: 1 | AD60: =IF($AB60<>"",0,IF($AA60="",$Q60,MAX(1,ROUND($Q60*(1-$AC60),0)))) -> 0 | AE60: =IF($AA60<>"",$AA60,MAX($X60,NextWD,IF($R60="",0,IF($S60="SS",INDEX(WorkDays,MATCH(INDEX($AE$6:$AE$156,MATCH($R60,$A$6:$A$156,0))-1,WorkDays,1)+1+$T60),INDEX(WorkDays,MATCH(INDEX($AF$6:$AF$156,MATCH($R60,$A$6:$A$156,0)),WorkDays,1)+IF($Q60=0,0,1)+$T60))),IF($U60="",0,IF($V60="SS",INDEX(WorkDays,MATCH(INDEX($AE$6:$AE$156,MATCH($U60,$A$6:$A$156,0))-1,WorkDays,1)+1+$W60),INDEX(WorkDays,MATCH(INDEX($AF$6:$AF$156,MATCH($U60,$A$6:$A$156,0)),WorkDays,1)+IF($Q60=0,0,1)+$W60))))) -> 46097 | AF60: =IF($AB60<>"",$AB60,IF($Q60=0,$AE60,INDEX(WorkDays,MATCH(MAX($AE60,NextWD)-1,WorkDays,1)+$AD60))) -> 46111 | AG60: =IF($AB60<>"","Completed",IF($AA60<>"","In Progress",IF(AND($Y60<>"",$Y60<=DataDate),"Not Started (Late)","Not Started"))) -> Completed | AH60: =IF($Z60="","",MATCH($AF60,WorkDays,1)-MATCH($Z60,WorkDays,1)) -> -60 | AI60: =IF($O60="","",$O60*IF($AB60<>"",1,$AC60)) | AJ60: Group actual dates = P6; split inside the group ASSUMED (sequenced) – replace with register / DPR dates. Task type 'Demolish' only if excavation solids are modelled.
A61: JSW USL-CON-CHI-1020 | B61: 3 | C61: Concreting - Foundations, Columns, Beams, Walls, etc. | J61: =SUMIF($B$62:$B$110,4,$J$62:$J$110) -> 309 | O61: =IF(SUMIF($B$62:$B$110,4,$O$62:$O$110)=0,"",SUMIF($B$62:$B$110,4,$O$62:$O$110)) -> 1171.5 | Y61: =MIN($Y$62:$Y$110) -> 46129 | Z61: =MAX($Z$62:$Z$110) -> 46307 | AA61: =IF(COUNT($AA$62:$AA$110)=0,"",MIN($AA$62:$AA$110)) -> 46089 | AB61: =IF(COUNTIFS($B$62:$B$110,4,$AG$62:$AG$110,"Completed")=COUNTIF($B$62:$B$110,4),MAX($AB$62:$AB$110),"") | AC61: =IFERROR(IF(SUMIF($B$62:$B$110,4,$O$62:$O$110)>0,SUMIF($B$62:$B$110,4,$AI$62:$AI$110)/SUMIF($B$62:$B$110,4,$O$62:$O$110),IFERROR(SUMPRODUCT(--($B$62:$B$110=4),$Q$62:$Q$110,$AC$62:$AC$110)/SUMIF($B$62:$B$110,4,$Q$62:$Q$110),AVERAGEIF($B$62:$B$110,4,$AC$62:$AC$110))),"") -> 0.73736236 | AE61: =MIN($AE$62:$AE$110) -> 46089 | AF61: =MAX($AF$62:$AF$110) -> 46351 | AG61: =IF(COUNTIFS($B$62:$B$110,4,$AG$62:$AG$110,"Completed")=COUNTIF($B$62:$B$110,4),"Completed",IF(COUNTIFS($B$62:$B$110,4,$AG$62:$AG$110,"Not Started*")=COUNTIF($B$62:$B$110,4),"Not Started","In Progress")) -> In Progress | AH61: =MATCH($AF61,WorkDays,1)-MATCH($Z61,WorkDays,1) -> 37 | AI61: =IF(SUMIF($B$62:$B$110,4,$O$62:$O$110)=0,"",SUMIF($B$62:$B$110,4,$AI$62:$AI$110)) -> 863.82 | AJ61: ="P6 check: "&INDEX('P6 Roll-up'!$AB$5:$AB$22,MATCH($A61,'P6 Roll-up'!$A$5:$A$22,0)) -> P6 check: ✔ Same as P6
A62: CHP-SUB-010 | B62: 4 | C62: PCC (M7.5) & pile caps – Zone-1 (17 nos: PC1 ×9, PC2 ×8) | D62: Substructure | E62: Z1 | F62: Grid 1 to 3 (column lines 1, 2, 3 incl. SC1) | G62: B.O.C EL(-)2.500 (75 PCC M7.5 below) | H62: Structural Foundations (Pile Cap) | I62: PC1 ×9, PC2 ×8 | J62: =COUNTIF('BIM Element Map'!$J$6:$J$1000,$A62) -> 17 | K62: CHP-SUB-010 | L62: Construct | M62: O24091-990-C-B-19531-001 | N62: JSW USL-CON-CHI-1020 | O62: 25.5 | P62: m³ | Q62: 14 | R62: CHP-EXC-010 | S62: SS | T62: 14 | X62: 46089 | Y62: 46129 | Z62: 46140 | AA62: 46089 | AB62: 46106 | AC62: 1 | AD62: =IF($AB62<>"",0,IF($AA62="",$Q62,MAX(1,ROUND($Q62*(1-$AC62),0)))) -> 0 | AE62: =IF($AA62<>"",$AA62,MAX($X62,NextWD,IF($R62="",0,IF($S62="SS",INDEX(WorkDays,MATCH(INDEX($AE$6:$AE$156,MATCH($R62,$A$6:$A$156,0))-1,WorkDays,1)+1+$T62),INDEX(WorkDays,MATCH(INDEX($AF$6:$AF$156,MATCH($R62,$A$6:$A$156,0)),WorkDays,1)+IF($Q62=0,0,1)+$T62))),IF($U62="",0,IF($V62="SS",INDEX(WorkDays,MATCH(INDEX($AE$6:$AE$156,MATCH($U62,$A$6:$A$156,0))-1,WorkDays,1)+1+$W62),INDEX(WorkDays,MATCH(INDEX($AF$6:$AF$156,MATCH($U62,$A$6:$A$156,0)),WorkDays,1)+IF($Q62=0,0,1)+$W62))))) -> 46089 | AF62: =IF($AB62<>"",$AB62,IF($Q62=0,$AE62,INDEX(WorkDays,MATCH(MAX($AE62,NextWD)-1,WorkDays,1)+$AD62))) -> 46106 | AG62: =IF($AB62<>"","Completed",IF($AA62<>"","In Progress",IF(AND($Y62<>"",$Y62<=DataDate),"Not Started (Late)","Not Started"))) -> Completed | AH62: =IF($Z62="","",MATCH($AF62,WorkDays,1)-MATCH($Z62,WorkDays,1)) -> -29 | AI62: =IF($O62="","",$O62*IF($AB62<>"",1,$AC62)) -> 25.5 | AJ62: ASSUMED actual (derived from P6 70% @ DD), sequenced inside the P6 group – replace with DPR / pour-card dates.
A63: CHP-SUB-020 | B63: 4 | C63: PCC (M7.5) & pile caps – Zone-2 (10 nos: PC1 ×4, PC2 ×6) | D63: Substructure | E63: Z2 | F63: Grid 3 to 5 (column lines 4, 5) | G63: B.O.C EL(-)2.500 (75 PCC M7.5 below) | H63: Structural Foundations (Pile Cap) | I63: PC2 ×6, PC1 ×4 | J63: =COUNTIF('BIM Element Map'!$J$6:$J$1000,$A63) -> 10 | K63: CHP-SUB-020 | L63: Construct | M63: O24091-990-C-B-19531-001 | N63: JSW USL-CON-CHI-1020 | O63: 17 | P63: m³ | Q63: 10 | R63: CHP-EXC-020 | S63: FS | T63: 0 | U63: CHP-SUB-010 | V63: SS | W63: 8 | Y63: 46136 | Z63: 46144 | AA63: 46100 | AB63: 46112 | AC63: 1 | AD63: =IF($AB63<>"",0,IF($AA63="",$Q63,MAX(1,ROUND($Q63*(1-$AC63),0)))) -> 0 | AE63: =IF($AA63<>"",$AA63,MAX($X63,NextWD,IF($R63="",0,IF($S63="SS",INDEX(WorkDays,MATCH(INDEX($AE$6:$AE$156,MATCH($R63,$A$6:$A$156,0))-1,WorkDays,1)+1+$T63),INDEX(WorkDays,MATCH(INDEX($AF$6:$AF$156,MATCH($R63,$A$6:$A$156,0)),WorkDays,1)+IF($Q63=0,0,1)+$T63))),IF($U63="",0,IF($V63="SS",INDEX(WorkDays,MATCH(INDEX($AE$6:$AE$156,MATCH($U63,$A$6:$A$156,0))-1,WorkDays,1)+1+$W63),INDEX(WorkDays,MATCH(INDEX($AF$6:$AF$156,MATCH($U63,$A$6:$A$156,0)),WorkDays,1)+IF($Q63=0,0,1)+$W63))))) -> 46100 | AF63: =IF($AB63<>"",$AB63,IF($Q63=0,$AE63,INDEX(WorkDays,MATCH(MAX($AE63,NextWD)-1,WorkDays,1)+$AD63))) -> 46112 | AG63: =IF($AB63<>"","Completed",IF($AA63<>"","In Progress",IF(AND($Y63<>"",$Y63<=DataDate),"Not Started (Late)","Not Started"))) -> Completed | AH63: =IF($Z63="","",MATCH($AF63,WorkDays,1)-MATCH($Z63,WorkDays,1)) -> -27 | AI63: =IF($O63="","",$O63*IF($AB63<>"",1,$AC63)) -> 17 | AJ63: ASSUMED actual (derived from P6 70% @ DD), sequenced inside the P6 group – replace with DPR / pour-card dates.
A64: CHP-SUB-030 | B64: 4 | C64: PCC (M7.5) & pile caps – Zone-3 (8 nos: PC1 ×4, PC2 ×4) | D64: Substructure | E64: Z3 | F64: Grid 5 to 6 (column lines 5.1, 6) | G64: B.O.C EL(-)2.500 (75 PCC M7.5 below) | H64: Structural Foundations (Pile Cap) | I64: PC2 ×4, PC1 ×4 | J64: =COUNTIF('BIM Element Map'!$J$6:$J$1000,$A64) -> 8 | K64: CHP-SUB-030 | L64: Construct | M64: O24091-990-C-B-19531-001 | N64: JSW USL-CON-CHI-1020 | O64: 12.5 | P64: m³ | Q64: 8 | R64: CHP-EXC-030 | S64: FS | T64: 0 | U64: CHP-SUB-020 | V64: SS | W64: 6 | Y64: 46144 | Z64: 46150 | AA64: 46112 | AB64: 46120 | AC64: 1 | AD64: =IF($AB64<>"",0,IF($AA64="",$Q64,MAX(1,ROUND($Q64*(1-$AC64),0)))) -> 0 | AE64: =IF($AA64<>"",$AA64,MAX($X64,NextWD,IF($R64="",0,IF($S64="SS",INDEX(WorkDays,MATCH(INDEX($AE$6:$AE$156,MATCH($R64,$A$6:$A$156,0))-1,WorkDays,1)+1+$T64),INDEX(WorkDays,MATCH(INDEX($AF$6:$AF$156,MATCH($R64,$A$6:$A$156,0)),WorkDays,1)+IF($Q64=0,0,1)+$T64))),IF($U64="",0,IF($V64="SS",INDEX(WorkDays,MATCH(INDEX($AE$6:$AE$156,MATCH($U64,$A$6:$A$156,0))-1,WorkDays,1)+1+$W64),INDEX(WorkDays,MATCH(INDEX($AF$6:$AF$156,MATCH($U64,$A$6:$A$156,0)),WorkDays,1)+IF($Q64=0,0,1)+$W64))))) -> 46112 | AF64: =IF($AB64<>"",$AB64,IF($Q64=0,$AE64,INDEX(WorkDays,MATCH(MAX($AE64,NextWD)-1,WorkDays,1)+$AD64))) -> 46120 | AG64: =IF($AB64<>"","Completed",IF($AA64<>"","In Progress",IF(AND($Y64<>"",$Y64<=DataDate),"Not Started (Late)","Not Started"))) -> Completed | AH64: =IF($Z64="","",MATCH($AF64,WorkDays,1)-MATCH($Z64,WorkDays,1)) -> -25 | AI64: =IF($O64="","",$O64*IF($AB64<>"",1,$AC64)) -> 12.5 | AJ64: ASSUMED actual (derived from P6 70% @ DD), sequenced inside the P6 group – replace with DPR / pour-card dates.
A65: CHP-SUB-040 | B65: 4 | C65: Pile cap beams PCB1/PCB2/PCB3 & column pedestals (B.O.C -2.500 to -0.300) – Zone-1 | D65: Substructure | E65: Z1 | F65: Grid 1 to 3 (column lines 1, 2, 3 incl. SC1) | G65: EL(-)2.500 to EL(-)0.300 / Top of PCB3 to EL(-)0.300 / B/O PCB EL(-)2.400 | H65: Structural Columns + Structural Framing (Pile Cap Beam) | I65: C1 ×4, C9, C7 ×2, C8, C6 ×2, C4 ×6, C3, SC1, PCB1 ×10, PCB2 ×2, PCB3 ×2 | J65: =COUNTIF('BIM Element Map'!$J$6:$J$1000,$A65) -> 32 | K65: CHP-SUB-040 | L65: Construct | M65: O24091-990-C-B-19531-001 | N65: JSW USL-CON-CHI-1020 | O65: 23.5 | P65: m³ | Q65: 15 | R65: CHP-SUB-010 | S65: FS | T65: 0 | Y65: 46141 | Z65: 46153 | AA65: 46107 | AB65: 46123 | AC65: 1 | AD65: =IF($AB65<>"",0,IF($AA65="",$Q65,MAX(1,ROUND($Q65*(1-$AC65),0)))) -> 0 | AE65: =IF($AA65<>"",$AA65,MAX($X65,NextWD,IF($R65="",0,IF($S65="SS",INDEX(WorkDays,MATCH(INDEX($AE$6:$AE$156,MATCH($R65,$A$6:$A$156,0))-1,WorkDays,1)+1+$T65),INDEX(WorkDays,MATCH(INDEX($AF$6:$AF$156,MATCH($R65,$A$6:$A$156,0)),WorkDays,1)+IF($Q65=0,0,1)+$T65))),IF($U65="",0,IF($V65="SS",INDEX(WorkDays,MATCH(INDEX($AE$6:$AE$156,MATCH($U65,$A$6:$A$156,0))-1,WorkDays,1)+1+$W65),INDEX(WorkDays,MATCH(INDEX($AF$6:$AF$156,MATCH($U65,$A$6:$A$156,0)),WorkDays,1)+IF($Q65=0,0,1)+$W65))))) -> 46107 | AF65: =IF($AB65<>"",$AB65,IF($Q65=0,$AE65,INDEX(WorkDays,MATCH(MAX($AE65,NextWD)-1,WorkDays,1)+$AD65))) -> 46123 | AG65: =IF($AB65<>"","Completed",IF($AA65<>"","In Progress",IF(AND($Y65<>"",$Y65<=DataDate),"Not Started (Late)","Not Started"))) -> Completed | AH65: =IF($Z65="","",MATCH($AF65,WorkDays,1)-MATCH($Z65,WorkDays,1)) -> -24 | AI65: =IF($O65="","",$O65*IF($AB65<>"",1,$AC65)) -> 23.5 | AJ65: ASSUMED actual (derived from P6 70% @ DD), sequenced inside the P6 group – replace with DPR / pour-card dates.
A66: CHP-SUB-050 | B66: 4 | C66: Pile cap beams PCB1/PCB2 & column pedestals – Zone-2 | D66: Substructure | E66: Z2 | F66: Grid 3 to 5 (column lines 4, 5) | G66: EL(-)2.500 to EL(-)0.300 / B/O PCB EL(-)2.400 | H66: Structural Columns + Structural Framing (Pile Cap Beam) | I66: C9 ×2, C8 ×2, C5, C6 ×2, C4 ×2, C3, PCB1 ×7, PCB2 | J66: =COUNTIF('BIM Element Map'!$J$6:$J$1000,$A66) -> 18 | K66: CHP-SUB-050 | L66: Construct | M66: O24091-990-C-B-19531-001 | N66: JSW USL-CON-CHI-1020 | O66: 13.3 | P66: m³ | Q66: 12 | R66: CHP-SUB-020 | S66: FS | T66: 0 | U66: CHP-SUB-040 | V66: SS | W66: 8 | Y66: 46148 | Z66: 46156 | AA66: 46116 | AB66: 46129 | AC66: 1 | AD66: =IF($AB66<>"",0,IF($AA66="",$Q66,MAX(1,ROUND($Q66*(1-$AC66),0)))) -> 0 | AE66: =IF($AA66<>"",$AA66,MAX($X66,NextWD,IF($R66="",0,IF($S66="SS",INDEX(WorkDays,MATCH(INDEX($AE$6:$AE$156,MATCH($R66,$A$6:$A$156,0))-1,WorkDays,1)+1+$T66),INDEX(WorkDays,MATCH(INDEX($AF$6:$AF$156,MATCH($R66,$A$6:$A$156,0)),WorkDays,1)+IF($Q66=0,0,1)+$T66))),IF($U66="",0,IF($V66="SS",INDEX(WorkDays,MATCH(INDEX($AE$6:$AE$156,MATCH($U66,$A$6:$A$156,0))-1,WorkDays,1)+1+$W66),INDEX(WorkDays,MATCH(INDEX($AF$6:$AF$156,MATCH($U66,$A$6:$A$156,0)),WorkDays,1)+IF($Q66=0,0,1)+$W66))))) -> 46116 | AF66: =IF($AB66<>"",$AB66,IF($Q66=0,$AE66,INDEX(WorkDays,MATCH(MAX($AE66,NextWD)-1,WorkDays,1)+$AD66))) -> 46129 | AG66: =IF($AB66<>"","Completed",IF($AA66<>"","In Progress",IF(AND($Y66<>"",$Y66<=DataDate),"Not Started (Late)","Not Started"))) -> Completed | AH66: =IF($Z66="","",MATCH($AF66,WorkDays,1)-MATCH($Z66,WorkDays,1)) -> -22 | AI66: =IF($O66="","",$O66*IF($AB66<>"",1,$AC66)) -> 13.3 | AJ66: ASSUMED actual (derived from P6 70% @ DD), sequenced inside the P6 group – replace with DPR / pour-card dates.
A67: CHP-SUB-060 | B67: 4 | C67: Pile cap beams PCB1/PCB2 & column pedestals – Zone-3 | D67: Substructure | E67: Z3 | F67: Grid 5 to 6 (column lines 5.1, 6) | G67: EL(-)2.500 to EL(-)0.300 / B/O PCB EL(-)2.400 | H67: Structural Columns + Structural Framing (Pile Cap Beam) | I67: C1 ×4, C2, C3 ×3, PCB1 ×5, PCB2 ×2 | J67: =COUNTIF('BIM Element Map'!$J$6:$J$1000,$A67) -> 15 | K67: CHP-SUB-060 | L67: Construct | M67: O24091-990-C-B-19531-001 | N67: JSW USL-CON-CHI-1020 | O67: 11.2 | P67: m³ | Q67: 10 | R67: CHP-SUB-030 | S67: FS | T67: 0 | U67: CHP-SUB-050 | V67: SS | W67: 6 | Y67: 46153 | Z67: 46160 | AA67: 46123 | AB67: 46134 | AC67: 1 | AD67: =IF($AB67<>"",0,IF($AA67="",$Q67,MAX(1,ROUND($Q67*(1-$AC67),0)))) -> 0 | AE67: =IF($AA67<>"",$AA67,MAX($X67,NextWD,IF($R67="",0,IF($S67="SS",INDEX(WorkDays,MATCH(INDEX($AE$6:$AE$156,MATCH($R67,$A$6:$A$156,0))-1,WorkDays,1)+1+$T67),INDEX(WorkDays,MATCH(INDEX($AF$6:$AF$156,MATCH($R67,$A$6:$A$156,0)),WorkDays,1)+IF($Q67=0,0,1)+$T67))),IF($U67="",0,IF($V67="SS",INDEX(WorkDays,MATCH(INDEX($AE$6:$AE$156,MATCH($U67,$A$6:$A$156,0))-1,WorkDays,1)+1+$W67),INDEX(WorkDays,MATCH(INDEX($AF$6:$AF$156,MATCH($U67,$A$6:$A$156,0)),WorkDays,1)+IF($Q67=0,0,1)+$W67))))) -> 46123 | AF67: =IF($AB67<>"",$AB67,IF($Q67=0,$AE67,INDEX(WorkDays,MATCH(MAX($AE67,NextWD)-1,WorkDays,1)+$AD67))) -> 46134 | AG67: =IF($AB67<>"","Completed",IF($AA67<>"","In Progress",IF(AND($Y67<>"",$Y67<=DataDate),"Not Started (Late)","Not Started"))) -> Completed | AH67: =IF($Z67="","",MATCH($AF67,WorkDays,1)-MATCH($Z67,WorkDays,1)) -> -21 | AI67: =IF($O67="","",$O67*IF($AB67<>"",1,$AC67)) -> 11.2 | AJ67: ASSUMED actual (derived from P6 70% @ DD), sequenced inside the P6 group – replace with DPR / pour-card dates.
A68: CHP-SUB-070 | B68: 4 | C68: Backfilling & compaction up to plinth level – Zone-1 | D68: Substructure | E68: Z1 | F68: Grid 1–3 | G68: EL(-)2.500 to EL(-)0.500 | H68: Earthwork (if modelled) | J68: =COUNTIF('BIM Element Map'!$J$6:$J$1000,$A68) -> 1 | K68: CHP-SUB-070 | L68: Construct | N68: JSW USL-CON-CHI-1020 | Q68: 6 | R68: CHP-SUB-040 | S68: FS | T68: 0 | Y68: 46154 | Z68: 46157 | AA68: 46125 | AB68: 46130 | AC68: 1 | AD68: =IF($AB68<>"",0,IF($AA68="",$Q68,MAX(1,ROUND($Q68*(1-$AC68),0)))) -> 0 | AE68: =IF($AA68<>"",$AA68,MAX($X68,NextWD,IF($R68="",0,IF($S68="SS",INDEX(WorkDays,MATCH(INDEX($AE$6:$AE$156,MATCH($R68,$A$6:$A$156,0))-1,WorkDays,1)+1+$T68),INDEX(WorkDays,MATCH(INDEX($AF$6:$AF$156,MATCH($R68,$A$6:$A$156,0)),WorkDays,1)+IF($Q68=0,0,1)+$T68))),IF($U68="",0,IF($V68="SS",INDEX(WorkDays,MATCH(INDEX($AE$6:$AE$156,MATCH($U68,$A$6:$A$156,0))-1,WorkDays,1)+1+$W68),INDEX(WorkDays,MATCH(INDEX($AF$6:$AF$156,MATCH($U68,$A$6:$A$156,0)),WorkDays,1)+IF($Q68=0,0,1)+$W68))))) -> 46125 | AF68: =IF($AB68<>"",$AB68,IF($Q68=0,$AE68,INDEX(WorkDays,MATCH(MAX($AE68,NextWD)-1,WorkDays,1)+$AD68))) -> 46130 | AG68: =IF($AB68<>"","Completed",IF($AA68<>"","In Progress",IF(AND($Y68<>"",$Y68<=DataDate),"Not Started (Late)","Not Started"))) -> Completed | AH68: =IF($Z68="","",MATCH($AF68,WorkDays,1)-MATCH($Z68,WorkDays,1)) -> -22 | AI68: =IF($O68="","",$O68*IF($AB68<>"",1,$AC68)) | AJ68: ASSUMED actual (derived from P6 70% @ DD), sequenced inside the P6 group – replace with DPR / pour-card dates.
A69: CHP-SUB-080 | B69: 4 | C69: Backfilling & compaction up to plinth level – Zone-2 | D69: Substructure | E69: Z2 | F69: Grid 3–5 | G69: EL(-)2.500 to EL(-)0.500 | H69: Earthwork (if modelled) | J69: =COUNTIF('BIM Element Map'!$J$6:$J$1000,$A69) -> 1 | K69: CHP-SUB-080 | L69: Construct | N69: JSW USL-CON-CHI-1020 | Q69: 5 | R69: CHP-SUB-050 | S69: FS | T69: 0 | U69: CHP-SUB-070 | V69: FS | W69: 0 | Y69: 46158 | Z69: 46161 | AA69: 46132 | AB69: 46136 | AC69: 1 | AD69: =IF($AB69<>"",0,IF($AA69="",$Q69,MAX(1,ROUND($Q69*(1-$AC69),0)))) -> 0 | AE69: =IF($AA69<>"",$AA69,MAX($X69,NextWD,IF($R69="",0,IF($S69="SS",INDEX(WorkDays,MATCH(INDEX($AE$6:$AE$156,MATCH($R69,$A$6:$A$156,0))-1,WorkDays,1)+1+$T69),INDEX(WorkDays,MATCH(INDEX($AF$6:$AF$156,MATCH($R69,$A$6:$A$156,0)),WorkDays,1)+IF($Q69=0,0,1)+$T69))),IF($U69="",0,IF($V69="SS",INDEX(WorkDays,MATCH(INDEX($AE$6:$AE$156,MATCH($U69,$A$6:$A$156,0))-1,WorkDays,1)+1+$W69),INDEX(WorkDays,MATCH(INDEX($AF$6:$AF$156,MATCH($U69,$A$6:$A$156,0)),WorkDays,1)+IF($Q69=0,0,1)+$W69))))) -> 46132 | AF69: =IF($AB69<>"",$AB69,IF($Q69=0,$AE69,INDEX(WorkDays,MATCH(MAX($AE69,NextWD)-1,WorkDays,1)+$AD69))) -> 46136 | AG69: =IF($AB69<>"","Completed",IF($AA69<>"","In Progress",IF(AND($Y69<>"",$Y69<=DataDate),"Not Started (Late)","Not Started"))) -> Completed | AH69: =IF($Z69="","",MATCH($AF69,WorkDays,1)-MATCH($Z69,WorkDays,1)) -> -20 | AI69: =IF($O69="","",$O69*IF($AB69<>"",1,$AC69)) | AJ69: ASSUMED actual (derived from P6 70% @ DD), sequenced inside the P6 group – replace with DPR / pour-card dates.
A70: CHP-SUB-090 | B70: 4 | C70: Backfilling & compaction up to plinth level – Zone-3 | D70: Substructure | E70: Z3 | F70: Grid 5–6 | G70: EL(-)2.500 to EL(-)0.500 | H70: Earthwork (if modelled) | J70: =COUNTIF('BIM Element Map'!$J$6:$J$1000,$A70) -> 1 | K70: CHP-SUB-090 | L70: Construct | N70: JSW USL-CON-CHI-1020 | Q70: 5 | R70: CHP-SUB-060 | S70: FS | T70: 0 | U70: CHP-SUB-080 | V70: FS | W70: 0 | Y70: 46162 | Z70: 46165 | AA70: 46137 | AB70: 46142 | AC70: 1 | AD70: =IF($AB70<>"",0,IF($AA70="",$Q70,MAX(1,ROUND($Q70*(1-$AC70),0)))) -> 0 | AE70: =IF($AA70<>"",$AA70,MAX($X70,NextWD,IF($R70="",0,IF($S70="SS",INDEX(WorkDays,MATCH(INDEX($AE$6:$AE$156,MATCH($R70,$A$6:$A$156,0))-1,WorkDays,1)+1+$T70),INDEX(WorkDays,MATCH(INDEX($AF$6:$AF$156,MATCH($R70,$A$6:$A$156,0)),WorkDays,1)+IF($Q70=0,0,1)+$T70))),IF($U70="",0,IF($V70="SS",INDEX(WorkDays,MATCH(INDEX($AE$6:$AE$156,MATCH($U70,$A$6:$A$156,0))-1,WorkDays,1)+1+$W70),INDEX(WorkDays,MATCH(INDEX($AF$6:$AF$156,MATCH($U70,$A$6:$A$156,0)),WorkDays,1)+IF($Q70=0,0,1)+$W70))))) -> 46137 | AF70: =IF($AB70<>"",$AB70,IF($Q70=0,$AE70,INDEX(WorkDays,MATCH(MAX($AE70,NextWD)-1,WorkDays,1)+$AD70))) -> 46142 | AG70: =IF($AB70<>"","Completed",IF($AA70<>"","In Progress",IF(AND($Y70<>"",$Y70<=DataDate),"Not Started (Late)","Not Started"))) -> Completed | AH70: =IF($Z70="","",MATCH($AF70,WorkDays,1)-MATCH($Z70,WorkDays,1)) -> -19 | AI70: =IF($O70="","",$O70*IF($AB70<>"",1,$AC70)) | AJ70: ASSUMED actual (derived from P6 70% @ DD), sequenced inside the P6 group – replace with DPR / pour-card dates.
A71: CHP-SUB-100 | B71: 4 | C71: Plinth beams PB (TOB EL(-)0.300) – Zone-1 | D71: Substructure | E71: Z1 | F71: Grid 1 to 3 (column lines 1, 2, 3 incl. SC1) | G71: T.O.B EL(-)0.300 | H71: Structural Framing (Plinth Beam) | I71: PB2, PB10, PB5 ×2, PB9, PB7, PB4, PB8 ×2, PB1 ×2, PB6, PB3 | J71: =COUNTIF('BIM Element Map'!$J$6:$J$1000,$A71) -> 13 | K71: CHP-SUB-100 | L71: Construct | M71: O24091-990-C-B-19531-002 | N71: JSW USL-CON-CHI-1020 | O71: 19 | P71: m³ | Q71: 12 | R71: CHP-SUB-070 | S71: FS | T71: 0 | Y71: 46158 | Z71: 46167 | AA71: 46132 | AB71: 46146 | AC71: 1 | AD71: =IF($AB71<>"",0,IF($AA71="",$Q71,MAX(1,ROUND($Q71*(1-$AC71),0)))) -> 0 | AE71: =IF($AA71<>"",$AA71,MAX($X71,NextWD,IF($R71="",0,IF($S71="SS",INDEX(WorkDays,MATCH(INDEX($AE$6:$AE$156,MATCH($R71,$A$6:$A$156,0))-1,WorkDays,1)+1+$T71),INDEX(WorkDays,MATCH(INDEX($AF$6:$AF$156,MATCH($R71,$A$6:$A$156,0)),WorkDays,1)+IF($Q71=0,0,1)+$T71))),IF($U71="",0,IF($V71="SS",INDEX(WorkDays,MATCH(INDEX($AE$6:$AE$156,MATCH($U71,$A$6:$A$156,0))-1,WorkDays,1)+1+$W71),INDEX(WorkDays,MATCH(INDEX($AF$6:$AF$156,MATCH($U71,$A$6:$A$156,0)),WorkDays,1)+IF($Q71=0,0,1)+$W71))))) -> 46132 | AF71: =IF($AB71<>"",$AB71,IF($Q71=0,$AE71,INDEX(WorkDays,MATCH(MAX($AE71,NextWD)-1,WorkDays,1)+$AD71))) -> 46146 | AG71: =IF($AB71<>"","Completed",IF($AA71<>"","In Progress",IF(AND($Y71<>"",$Y71<=DataDate),"Not Started (Late)","Not Started"))) -> Completed | AH71: =IF($Z71="","",MATCH($AF71,WorkDays,1)-MATCH($Z71,WorkDays,1)) -> -18 | AI71: =IF($O71="","",$O71*IF($AB71<>"",1,$AC71)) -> 19 | AJ71: ASSUMED actual (derived from P6 70% @ DD), sequenced inside the P6 group – replace with DPR / pour-card dates.
A72: CHP-SUB-110 | B72: 4 | C72: Plinth beams PB (TOB EL(-)0.300) – Zone-2 | D72: Substructure | E72: Z2 | F72: Grid 3 to 5 (column lines 4, 5) | G72: T.O.B EL(-)0.300 | H72: Structural Framing (Plinth Beam) | I72: PB2, PB8 ×2, PB1 ×2, PB3 | J72: =COUNTIF('BIM Element Map'!$J$6:$J$1000,$A72) -> 6 | K72: CHP-SUB-110 | L72: Construct | M72: O24091-990-C-B-19531-002 | N72: JSW USL-CON-CHI-1020 | O72: 14 | P72: m³ | Q72: 10 | R72: CHP-SUB-080 | S72: FS | T72: 0 | U72: CHP-SUB-100 | V72: SS | W72: 6 | Y72: 46163 | Z72: 46170 | AA72: 46139 | AB72: 46150 | AC72: 1 | AD72: =IF($AB72<>"",0,IF($AA72="",$Q72,MAX(1,ROUND($Q72*(1-$AC72),0)))) -> 0 | AE72: =IF($AA72<>"",$AA72,MAX($X72,NextWD,IF($R72="",0,IF($S72="SS",INDEX(WorkDays,MATCH(INDEX($AE$6:$AE$156,MATCH($R72,$A$6:$A$156,0))-1,WorkDays,1)+1+$T72),INDEX(WorkDays,MATCH(INDEX($AF$6:$AF$156,MATCH($R72,$A$6:$A$156,0)),WorkDays,1)+IF($Q72=0,0,1)+$T72))),IF($U72="",0,IF($V72="SS",INDEX(WorkDays,MATCH(INDEX($AE$6:$AE$156,MATCH($U72,$A$6:$A$156,0))-1,WorkDays,1)+1+$W72),INDEX(WorkDays,MATCH(INDEX($AF$6:$AF$156,MATCH($U72,$A$6:$A$156,0)),WorkDays,1)+IF($Q72=0,0,1)+$W72))))) -> 46139 | AF72: =IF($AB72<>"",$AB72,IF($Q72=0,$AE72,INDEX(WorkDays,MATCH(MAX($AE72,NextWD)-1,WorkDays,1)+$AD72))) -> 46150 | AG72: =IF($AB72<>"","Completed",IF($AA72<>"","In Progress",IF(AND($Y72<>"",$Y72<=DataDate),"Not Started (Late)","Not Started"))) -> Completed | AH72: =IF($Z72="","",MATCH($AF72,WorkDays,1)-MATCH($Z72,WorkDays,1)) -> -17 | AI72: =IF($O72="","",$O72*IF($AB72<>"",1,$AC72)) -> 14 | AJ72: ASSUMED actual (derived from P6 70% @ DD), sequenced inside the P6 group – replace with DPR / pour-card dates.
A73: CHP-SUB-120 | B73: 4 | C73: Plinth beams PB (TOB EL(-)0.300) – Zone-3 | D73: Substructure | E73: Z3 | F73: Grid 5 to 6 (column lines 5.1, 6) | G73: T.O.B EL(-)0.300 | H73: Structural Framing (Plinth Beam) | I73: PB2, PB10, PB1 ×2, PB5, PB9, PB3 ×2 | J73: =COUNTIF('BIM Element Map'!$J$6:$J$1000,$A73) -> 8 | K73: CHP-SUB-120 | L73: Construct | M73: O24091-990-C-B-19531-002 | N73: JSW USL-CON-CHI-1020 | O73: 14.5 | P73: m³ | Q73: 10 | R73: CHP-SUB-090 | S73: FS | T73: 0 | U73: CHP-SUB-110 | V73: SS | W73: 5 | Y73: 46167 | Z73: 46174 | AA73: 46146 | AB73: 46156 | AC73: 1 | AD73: =IF($AB73<>"",0,IF($AA73="",$Q73,MAX(1,ROUND($Q73*(1-$AC73),0)))) -> 0 | AE73: =IF($AA73<>"",$AA73,MAX($X73,NextWD,IF($R73="",0,IF($S73="SS",INDEX(WorkDays,MATCH(INDEX($AE$6:$AE$156,MATCH($R73,$A$6:$A$156,0))-1,WorkDays,1)+1+$T73),INDEX(WorkDays,MATCH(INDEX($AF$6:$AF$156,MATCH($R73,$A$6:$A$156,0)),WorkDays,1)+IF($Q73=0,0,1)+$T73))),IF($U73="",0,IF($V73="SS",INDEX(WorkDays,MATCH(INDEX($AE$6:$AE$156,MATCH($U73,$A$6:$A$156,0))-1,WorkDays,1)+1+$W73),INDEX(WorkDays,MATCH(INDEX($AF$6:$AF$156,MATCH($U73,$A$6:$A$156,0)),WorkDays,1)+IF($Q73=0,0,1)+$W73))))) -> 46146 | AF73: =IF($AB73<>"",$AB73,IF($Q73=0,$AE73,INDEX(WorkDays,MATCH(MAX($AE73,NextWD)-1,WorkDays,1)+$AD73))) -> 46156 | AG73: =IF($AB73<>"","Completed",IF($AA73<>"","In Progress",IF(AND($Y73<>"",$Y73<=DataDate),"Not Started (Late)","Not Started"))) -> Completed | AH73: =IF($Z73="","",MATCH($AF73,WorkDays,1)-MATCH($Z73,WorkDays,1)) -> -15 | AI73: =IF($O73="","",$O73*IF($AB73<>"",1,$AC73)) -> 14.5 | AJ73: ASSUMED actual (derived from P6 70% @ DD), sequenced inside the P6 group – replace with DPR / pour-card dates.
A74: CHP-SUP-010 | B74: 4 | C74: Columns Lift-1 (EL -0.300 to +4.000) – Zone-1 (18 nos incl. SC1) | D74: Superstructure | E74: Z1 | F74: Grid 1 to 3 (column lines 1, 2, 3 incl. SC1) | G74: EL(-)0.300 to EL(+)4.000 | H74: Structural Columns | I74: C1 ×4, C9, C7 ×2, C8, C6 ×2, C4 ×6, C3, SC1 | J74: =COUNTIF('BIM Element Map'!$J$6:$J$1000,$A74) -> 18 | K74: CHP-SUP-010 | L74: Construct | M74: O24091-990-C-B-19531-001 | N74: JSW USL-CON-CHI-1020 | O74: 19.5 | P74: m³ | Q74: 14 | R74: CHP-SUB-100 | S74: FS | T74: 0 | Y74: 46168 | Z74: 46178 | AA74: 46147 | AB74: 46162 | AC74: 1 | AD74: =IF($AB74<>"",0,IF($AA74="",$Q74,MAX(1,ROUND($Q74*(1-$AC74),0)))) -> 0 | AE74: =IF($AA74<>"",$AA74,MAX($X74,NextWD,IF($R74="",0,IF($S74="SS",INDEX(WorkDays,MATCH(INDEX($AE$6:$AE$156,MATCH($R74,$A$6:$A$156,0))-1,WorkDays,1)+1+$T74),INDEX(WorkDays,MATCH(INDEX($AF$6:$AF$156,MATCH($R74,$A$6:$A$156,0)),WorkDays,1)+IF($Q74=0,0,1)+$T74))),IF($U74="",0,IF($V74="SS",INDEX(WorkDays,MATCH(INDEX($AE$6:$AE$156,MATCH($U74,$A$6:$A$156,0))-1,WorkDays,1)+1+$W74),INDEX(WorkDays,MATCH(INDEX($AF$6:$AF$156,MATCH($U74,$A$6:$A$156,0)),WorkDays,1)+IF($Q74=0,0,1)+$W74))))) -> 46147 | AF74: =IF($AB74<>"",$AB74,IF($Q74=0,$AE74,INDEX(WorkDays,MATCH(MAX($AE74,NextWD)-1,WorkDays,1)+$AD74))) -> 46162 | AG74: =IF($AB74<>"","Completed",IF($AA74<>"","In Progress",IF(AND($Y74<>"",$Y74<=DataDate),"Not Started (Late)","Not Started"))) -> Completed | AH74: =IF($Z74="","",MATCH($AF74,WorkDays,1)-MATCH($Z74,WorkDays,1)) -> -14 | AI74: =IF($O74="","",$O74*IF($AB74<>"",1,$AC74)) -> 19.5 | AJ74: ASSUMED actual (derived from P6 70% @ DD), sequenced inside the P6 group – replace with DPR / pour-card dates.
A75: CHP-SUP-020 | B75: 4 | C75: Columns Lift-1 (EL -0.300 to +4.000) – Zone-2 (10 nos) | D75: Superstructure | E75: Z2 | F75: Grid 3 to 5 (column lines 4, 5) | G75: EL(-)0.300 to EL(+)4.000 | H75: Structural Columns | I75: C9 ×2, C8 ×2, C5, C6 ×2, C4 ×2, C3 | J75: =COUNTIF('BIM Element Map'!$J$6:$J$1000,$A75) -> 10 | K75: CHP-SUP-020 | L75: Construct | M75: O24091-990-C-B-19531-001 | N75: JSW USL-CON-CHI-1020 | O75: 10.8 | P75: m³ | Q75: 10 | R75: CHP-SUB-110 | S75: FS | T75: 0 | U75: CHP-SUP-010 | V75: SS | W75: 7 | Y75: 46174 | Z75: 46181 | AA75: 46155 | AB75: 46165 | AC75: 1 | AD75: =IF($AB75<>"",0,IF($AA75="",$Q75,MAX(1,ROUND($Q75*(1-$AC75),0)))) -> 0 | AE75: =IF($AA75<>"",$AA75,MAX($X75,NextWD,IF($R75="",0,IF($S75="SS",INDEX(WorkDays,MATCH(INDEX($AE$6:$AE$156,MATCH($R75,$A$6:$A$156,0))-1,WorkDays,1)+1+$T75),INDEX(WorkDays,MATCH(INDEX($AF$6:$AF$156,MATCH($R75,$A$6:$A$156,0)),WorkDays,1)+IF($Q75=0,0,1)+$T75))),IF($U75="",0,IF($V75="SS",INDEX(WorkDays,MATCH(INDEX($AE$6:$AE$156,MATCH($U75,$A$6:$A$156,0))-1,WorkDays,1)+1+$W75),INDEX(WorkDays,MATCH(INDEX($AF$6:$AF$156,MATCH($U75,$A$6:$A$156,0)),WorkDays,1)+IF($Q75=0,0,1)+$W75))))) -> 46155 | AF75: =IF($AB75<>"",$AB75,IF($Q75=0,$AE75,INDEX(WorkDays,MATCH(MAX($AE75,NextWD)-1,WorkDays,1)+$AD75))) -> 46165 | AG75: =IF($AB75<>"","Completed",IF($AA75<>"","In Progress",IF(AND($Y75<>"",$Y75<=DataDate),"Not Started (Late)","Not Started"))) -> Completed | AH75: =IF($Z75="","",MATCH($AF75,WorkDays,1)-MATCH($Z75,WorkDays,1)) -> -13 | AI75: =IF($O75="","",$O75*IF($AB75<>"",1,$AC75)) -> 10.8 | AJ75: ASSUMED actual (derived from P6 70% @ DD), sequenced inside the P6 group – replace with DPR / pour-card dates.
A76: CHP-SUP-030 | B76: 4 | C76: Columns Lift-1 (EL -0.300 to +4.000) – Zone-3 (8 nos) | D76: Superstructure | E76: Z3 | F76: Grid 5 to 6 (column lines 5.1, 6) | G76: EL(-)0.300 to EL(+)4.000 | H76: Structural Columns | I76: C1 ×4, C2, C3 ×3 | J76: =COUNTIF('BIM Element Map'!$J$6:$J$1000,$A76) -> 8 | K76: CHP-SUP-030 | L76: Construct | M76: O24091-990-C-B-19531-001 | N76: JSW USL-CON-CHI-1020 | O76: 8.7 | P76: m³ | Q76: 8 | R76: CHP-SUB-120 | S76: FS | T76: 0 | U76: CHP-SUP-020 | V76: SS | W76: 5 | Y76: 46177 | Z76: 46183 | AA76: 46161 | AB76: 46169 | AC76: 1 | AD76: =IF($AB76<>"",0,IF($AA76="",$Q76,MAX(1,ROUND($Q76*(1-$AC76),0)))) -> 0 | AE76: =IF($AA76<>"",$AA76,MAX($X76,NextWD,IF($R76="",0,IF($S76="SS",INDEX(WorkDays,MATCH(INDEX($AE$6:$AE$156,MATCH($R76,$A$6:$A$156,0))-1,WorkDays,1)+1+$T76),INDEX(WorkDays,MATCH(INDEX($AF$6:$AF$156,MATCH($R76,$A$6:$A$156,0)),WorkDays,1)+IF($Q76=0,0,1)+$T76))),IF($U76="",0,IF($V76="SS",INDEX(WorkDays,MATCH(INDEX($AE$6:$AE$156,MATCH($U76,$A$6:$A$156,0))-1,WorkDays,1)+1+$W76),INDEX(WorkDays,MATCH(INDEX($AF$6:$AF$156,MATCH($U76,$A$6:$A$156,0)),WorkDays,1)+IF($Q76=0,0,1)+$W76))))) -> 46161 | AF76: =IF($AB76<>"",$AB76,IF($Q76=0,$AE76,INDEX(WorkDays,MATCH(MAX($AE76,NextWD)-1,WorkDays,1)+$AD76))) -> 46169 | AG76: =IF($AB76<>"","Completed",IF($AA76<>"","In Progress",IF(AND($Y76<>"",$Y76<=DataDate),"Not Started (Late)","Not Started"))) -> Completed | AH76: =IF($Z76="","",MATCH($AF76,WorkDays,1)-MATCH($Z76,WorkDays,1)) -> -12 | AI76: =IF($O76="","",$O76*IF($AB76<>"",1,$AC76)) -> 8.7 | AJ76: ASSUMED actual (derived from P6 70% @ DD), sequenced inside the P6 group – replace with DPR / pour-card dates.
A77: CHP-SUP-040 | B77: 4 | C77: Tie beam TB1 (TOB EL +2.100) at Grid 1 | D77: Superstructure | E77: Z1 | F77: Grid 1 : Row D–C | G77: EL(+)2.100 TOB | H77: Structural Framing | I77: TB1 | J77: =COUNTIF('BIM Element Map'!$J$6:$J$1000,$A77) -> 1 | K77: CHP-SUP-040 | L77: Construct | M77: O24091-990-C-B-19531-003 | N77: JSW USL-CON-CHI-1020 | O77: 1 | P77: m³ | Q77: 5 | R77: CHP-SUP-010 | S77: SS | T77: 6 | Y77: 46172 | Z77: 46176 | AA77: 46154 | AB77: 46158 | AC77: 1 | AD77: =IF($AB77<>"",0,IF($AA77="",$Q77,MAX(1,ROUND($Q77*(1-$AC77),0)))) -> 0 | AE77: =IF($AA77<>"",$AA77,MAX($X77,NextWD,IF($R77="",0,IF($S77="SS",INDEX(WorkDays,MATCH(INDEX($AE$6:$AE$156,MATCH($R77,$A$6:$A$156,0))-1,WorkDays,1)+1+$T77),INDEX(WorkDays,MATCH(INDEX($AF$6:$AF$156,MATCH($R77,$A$6:$A$156,0)),WorkDays,1)+IF($Q77=0,0,1)+$T77))),IF($U77="",0,IF($V77="SS",INDEX(WorkDays,MATCH(INDEX($AE$6:$AE$156,MATCH($U77,$A$6:$A$156,0))-1,WorkDays,1)+1+$W77),INDEX(WorkDays,MATCH(INDEX($AF$6:$AF$156,MATCH($U77,$A$6:$A$156,0)),WorkDays,1)+IF($Q77=0,0,1)+$W77))))) -> 46154 | AF77: =IF($AB77<>"",$AB77,IF($Q77=0,$AE77,INDEX(WorkDays,MATCH(MAX($AE77,NextWD)-1,WorkDays,1)+$AD77))) -> 46158 | AG77: =IF($AB77<>"","Completed",IF($AA77<>"","In Progress",IF(AND($Y77<>"",$Y77<=DataDate),"Not Started (Late)","Not Started"))) -> Completed | AH77: =IF($Z77="","",MATCH($AF77,WorkDays,1)-MATCH($Z77,WorkDays,1)) -> -15 | AI77: =IF($O77="","",$O77*IF($AB77<>"",1,$AC77)) -> 1 | AJ77: ASSUMED actual (derived from P6 70% @ DD), sequenced inside the P6 group – replace with DPR / pour-card dates.
A78: CHP-SUP-050 | B78: 4 | C78: Staircase ST-2 – flights FLT-1 to FLT-3, landings +1.300/+2.650 up to +4.000 | D78: Superstructure | E78: Z1 | F78: Grid 2–1 / Row E–D.2 | G78: EL(-)0.050 to EL(+)4.000 | H78: Stairs + Floors (Landing) + Structural Framing (Stair Beam) | I78: FLT-1..FLT-3, Landings +1.300, +2.650, STB1 / STB2 | J78: =COUNTIF('BIM Element Map'!$J$6:$J$1000,$A78) -> 3 | K78: CHP-SUP-050 | L78: Construct | M78: O24091-990-C-B-19531-005 | N78: JSW USL-CON-CHI-1020 | O78: 10 | P78: m³ | Q78: 15 | R78: CHP-SUP-010 | S78: FS | T78: 0 | Y78: 46179 | Z78: 46190 | AA78: 46163 | AB78: 46179 | AC78: 1 | AD78: =IF($AB78<>"",0,IF($AA78="",$Q78,MAX(1,ROUND($Q78*(1-$AC78),0)))) -> 0 | AE78: =IF($AA78<>"",$AA78,MAX($X78,NextWD,IF($R78="",0,IF($S78="SS",INDEX(WorkDays,MATCH(INDEX($AE$6:$AE$156,MATCH($R78,$A$6:$A$156,0))-1,WorkDays,1)+1+$T78),INDEX(WorkDays,MATCH(INDEX($AF$6:$AF$156,MATCH($R78,$A$6:$A$156,0)),WorkDays,1)+IF($Q78=0,0,1)+$T78))),IF($U78="",0,IF($V78="SS",INDEX(WorkDays,MATCH(INDEX($AE$6:$AE$156,MATCH($U78,$A$6:$A$156,0))-1,WorkDays,1)+1+$W78),INDEX(WorkDays,MATCH(INDEX($AF$6:$AF$156,MATCH($U78,$A$6:$A$156,0)),WorkDays,1)+IF($Q78=0,0,1)+$W78))))) -> 46163 | AF78: =IF($AB78<>"",$AB78,IF($Q78=0,$AE78,INDEX(WorkDays,MATCH(MAX($AE78,NextWD)-1,WorkDays,1)+$AD78))) -> 46179 | AG78: =IF($AB78<>"","Completed",IF($AA78<>"","In Progress",IF(AND($Y78<>"",$Y78<=DataDate),"Not Started (Late)","Not Started"))) -> Completed | AH78: =IF($Z78="","",MATCH($AF78,WorkDays,1)-MATCH($Z78,WorkDays,1)) -> -9 | AI78: =IF($O78="","",$O78*IF($AB78<>"",1,$AC78)) -> 10 | AJ78: ASSUMED actual (derived from P6 70% @ DD), sequenced inside the P6 group – replace with DPR / pour-card dates.
A79: CHP-SUP-060 | B79: 4 | C79: First floor beams & 150 thk slab (TOC EL +4.000) – Zone-1 (Grid 1–3, Row E–D) | D79: Superstructure | E79: Z1 | F79: Grid 1 to 3 (column lines 1, 2, 3 incl. SC1) | G79: T.O.C EL(+)4.000 | H79: Structural Framing (Floor Beam) + Floors (Structural slab) | I79: FB1, FB4, FB5, FB9, FB10, FB11/FB12/FB13, FB14, SLAB-FF | J79: =COUNTIF('BIM Element Map'!$J$6:$J$1000,$A79) -> 8 | K79: CHP-SUP-060 | L79: Construct | M79: O24091-990-C-B-19531-003 | N79: JSW USL-CON-CHI-1020 | O79: 33 | P79: m³ | Q79: 24 | R79: CHP-SUP-010 | S79: FS | T79: 0 | Y79: 46179 | Z79: 46197 | AA79: 46163 | AB79: 46190 | AC79: 1 | AD79: =IF($AB79<>"",0,IF($AA79="",$Q79,MAX(1,ROUND($Q79*(1-$AC79),0)))) -> 0 | AE79: =IF($AA79<>"",$AA79,MAX($X79,NextWD,IF($R79="",0,IF($S79="SS",INDEX(WorkDays,MATCH(INDEX($AE$6:$AE$156,MATCH($R79,$A$6:$A$156,0))-1,WorkDays,1)+1+$T79),INDEX(WorkDays,MATCH(INDEX($AF$6:$AF$156,MATCH($R79,$A$6:$A$156,0)),WorkDays,1)+IF($Q79=0,0,1)+$T79))),IF($U79="",0,IF($V79="SS",INDEX(WorkDays,MATCH(INDEX($AE$6:$AE$156,MATCH($U79,$A$6:$A$156,0))-1,WorkDays,1)+1+$W79),INDEX(WorkDays,MATCH(INDEX($AF$6:$AF$156,MATCH($U79,$A$6:$A$156,0)),WorkDays,1)+IF($Q79=0,0,1)+$W79))))) -> 46163 | AF79: =IF($AB79<>"",$AB79,IF($Q79=0,$AE79,INDEX(WorkDays,MATCH(MAX($AE79,NextWD)-1,WorkDays,1)+$AD79))) -> 46190 | AG79: =IF($AB79<>"","Completed",IF($AA79<>"","In Progress",IF(AND($Y79<>"",$Y79<=DataDate),"Not Started (Late)","Not Started"))) -> Completed | AH79: =IF($Z79="","",MATCH($AF79,WorkDays,1)-MATCH($Z79,WorkDays,1)) -> -6 | AI79: =IF($O79="","",$O79*IF($AB79<>"",1,$AC79)) -> 33 | AJ79: ASSUMED actual (derived from P6 70% @ DD), sequenced inside the P6 group – replace with DPR / pour-card dates.
A80: CHP-SUP-070 | B80: 4 | C80: First floor beams & 150 thk slab (TOC EL +4.000) – Zone-2 (Grid 3–5, Row E–D) | D80: Superstructure | E80: Z2 | F80: Grid 3 to 5 (column lines 4, 5) | G80: T.O.C EL(+)4.000 | H80: Structural Framing (Floor Beam) + Floors (Structural slab) | I80: FB1, FB4, FB2, FB8, FB9, FB11/FB12/FB13, SLAB-FF | J80: =COUNTIF('BIM Element Map'!$J$6:$J$1000,$A80) -> 7 | K80: CHP-SUP-070 | L80: Construct | M80: O24091-990-C-B-19531-003 | N80: JSW USL-CON-CHI-1020 | O80: 30 | P80: m³ | Q80: 22 | R80: CHP-SUP-020 | S80: FS | T80: 0 | U80: CHP-SUP-060 | V80: SS | W80: 12 | Y80: 46189 | Z80: 46205 | AA80: 46177 | AB80: 46202 | AC80: 1 | AD80: =IF($AB80<>"",0,IF($AA80="",$Q80,MAX(1,ROUND($Q80*(1-$AC80),0)))) -> 0 | AE80: =IF($AA80<>"",$AA80,MAX($X80,NextWD,IF($R80="",0,IF($S80="SS",INDEX(WorkDays,MATCH(INDEX($AE$6:$AE$156,MATCH($R80,$A$6:$A$156,0))-1,WorkDays,1)+1+$T80),INDEX(WorkDays,MATCH(INDEX($AF$6:$AF$156,MATCH($R80,$A$6:$A$156,0)),WorkDays,1)+IF($Q80=0,0,1)+$T80))),IF($U80="",0,IF($V80="SS",INDEX(WorkDays,MATCH(INDEX($AE$6:$AE$156,MATCH($U80,$A$6:$A$156,0))-1,WorkDays,1)+1+$W80),INDEX(WorkDays,MATCH(INDEX($AF$6:$AF$156,MATCH($U80,$A$6:$A$156,0)),WorkDays,1)+IF($Q80=0,0,1)+$W80))))) -> 46177 | AF80: =IF($AB80<>"",$AB80,IF($Q80=0,$AE80,INDEX(WorkDays,MATCH(MAX($AE80,NextWD)-1,WorkDays,1)+$AD80))) -> 46202 | AG80: =IF($AB80<>"","Completed",IF($AA80<>"","In Progress",IF(AND($Y80<>"",$Y80<=DataDate),"Not Started (Late)","Not Started"))) -> Completed | AH80: =IF($Z80="","",MATCH($AF80,WorkDays,1)-MATCH($Z80,WorkDays,1)) -> -3 | AI80: =IF($O80="","",$O80*IF($AB80<>"",1,$AC80)) -> 30 | AJ80: ASSUMED actual (derived from P6 70% @ DD), sequenced inside the P6 group – replace with DPR / pour-card dates.
A81: CHP-SUP-080 | B81: 4 | C81: First floor beams & 150 thk slab (TOC EL +4.000) – Zone-3 (Grid 5–6, Row E–D) | D81: Superstructure | E81: Z3 | F81: Grid 5 to 6 (column lines 5.1, 6) | G81: T.O.C EL(+)4.000 | H81: Structural Framing (Floor Beam) + Floors (Structural slab) | I81: FB1, FB2/FB3, FB4, FB6/FB7, FB11/FB12/FB13, FB14, SLAB-FF | J81: =COUNTIF('BIM Element Map'!$J$6:$J$1000,$A81) -> 7 | K81: CHP-SUP-080 | L81: Construct | M81: O24091-990-C-B-19531-003 | N81: JSW USL-CON-CHI-1020 | O81: 18 | P81: m³ | Q81: 20 | R81: CHP-SUP-030 | S81: FS | T81: 0 | U81: CHP-SUP-070 | V81: SS | W81: 10 | Y81: 46197 | Z81: 46211 | AA81: 46189 | AB81: 46211 | AC81: 1 | AD81: =IF($AB81<>"",0,IF($AA81="",$Q81,MAX(1,ROUND($Q81*(1-$AC81),0)))) -> 0 | AE81: =IF($AA81<>"",$AA81,MAX($X81,NextWD,IF($R81="",0,IF($S81="SS",INDEX(WorkDays,MATCH(INDEX($AE$6:$AE$156,MATCH($R81,$A$6:$A$156,0))-1,WorkDays,1)+1+$T81),INDEX(WorkDays,MATCH(INDEX($AF$6:$AF$156,MATCH($R81,$A$6:$A$156,0)),WorkDays,1)+IF($Q81=0,0,1)+$T81))),IF($U81="",0,IF($V81="SS",INDEX(WorkDays,MATCH(INDEX($AE$6:$AE$156,MATCH($U81,$A$6:$A$156,0))-1,WorkDays,1)+1+$W81),INDEX(WorkDays,MATCH(INDEX($AF$6:$AF$156,MATCH($U81,$A$6:$A$156,0)),WorkDays,1)+IF($Q81=0,0,1)+$W81))))) -> 46189 | AF81: =IF($AB81<>"",$AB81,IF($Q81=0,$AE81,INDEX(WorkDays,MATCH(MAX($AE81,NextWD)-1,WorkDays,1)+$AD81))) -> 46211 | AG81: =IF($AB81<>"","Completed",IF($AA81<>"","In Progress",IF(AND($Y81<>"",$Y81<=DataDate),"Not Started (Late)","Not Started"))) -> Completed | AH81: =IF($Z81="","",MATCH($AF81,WorkDays,1)-MATCH($Z81,WorkDays,1)) -> 0 | AI81: =IF($O81="","",$O81*IF($AB81<>"",1,$AC81)) -> 18 | AJ81: ASSUMED actual (derived from P6 70% @ DD), sequenced inside the P6 group – replace with DPR / pour-card dates.
A82: CHP-SUP-090 | B82: 4 | C82: Staircase ST-1 – flights FLT-1 to FLT-3, landings +1.300/+2.650 up to +4.000 | D82: Superstructure | E82: Z3 | F82: Grid 6–5.1 / Row E–D.1 | G82: EL(-)0.050 to EL(+)4.000 | H82: Stairs + Floors (Landing) + Structural Framing (Stair Beam) | I82: FLT-1..FLT-3, Landings +1.300, +2.650, STB1 / STB2 | J82: =COUNTIF('BIM Element Map'!$J$6:$J$1000,$A82) -> 3 | K82: CHP-SUP-090 | L82: Construct | M82: O24091-990-C-B-19531-005 | N82: JSW USL-CON-CHI-1020 | O82: 10 | P82: m³ | Q82: 15 | R82: CHP-SUP-030 | S82: FS | T82: 0 | Y82: 46184 | Z82: 46195 | AA82: 46170 | AB82: 46186 | AC82: 1 | AD82: =IF($AB82<>"",0,IF($AA82="",$Q82,MAX(1,ROUND($Q82*(1-$AC82),0)))) -> 0 | AE82: =IF($AA82<>"",$AA82,MAX($X82,NextWD,IF($R82="",0,IF($S82="SS",INDEX(WorkDays,MATCH(INDEX($AE$6:$AE$156,MATCH($R82,$A$6:$A$156,0))-1,WorkDays,1)+1+$T82),INDEX(WorkDays,MATCH(INDEX($AF$6:$AF$156,MATCH($R82,$A$6:$A$156,0)),WorkDays,1)+IF($Q82=0,0,1)+$T82))),IF($U82="",0,IF($V82="SS",INDEX(WorkDays,MATCH(INDEX($AE$6:$AE$156,MATCH($U82,$A$6:$A$156,0))-1,WorkDays,1)+1+$W82),INDEX(WorkDays,MATCH(INDEX($AF$6:$AF$156,MATCH($U82,$A$6:$A$156,0)),WorkDays,1)+IF($Q82=0,0,1)+$W82))))) -> 46170 | AF82: =IF($AB82<>"",$AB82,IF($Q82=0,$AE82,INDEX(WorkDays,MATCH(MAX($AE82,NextWD)-1,WorkDays,1)+$AD82))) -> 46186 | AG82: =IF($AB82<>"","Completed",IF($AA82<>"","In Progress",IF(AND($Y82<>"",$Y82<=DataDate),"Not Started (Late)","Not Started"))) -> Completed | AH82: =IF($Z82="","",MATCH($AF82,WorkDays,1)-MATCH($Z82,WorkDays,1)) -> -7 | AI82: =IF($O82="","",$O82*IF($AB82<>"",1,$AC82)) -> 10 | AJ82: ASSUMED actual (derived from P6 70% @ DD), sequenced inside the P6 group – replace with DPR / pour-card dates.
A83: CHP-SUP-100 | B83: 4 | C83: Columns Lift-2 (EL +4.000 to +9.150) – Zone-1 (18 nos incl. SC1) | D83: Superstructure | E83: Z1 | F83: Grid 1 to 3 (column lines 1, 2, 3 incl. SC1) | G83: EL(+)4.000 to EL(+)9.150 | H83: Structural Columns | I83: C1 ×4, C9, C7 ×2, C8, C6 ×2, C4 ×6, C3, SC1 | J83: =COUNTIF('BIM Element Map'!$J$6:$J$1000,$A83) -> 18 | K83: CHP-SUP-100 | L83: Construct | M83: O24091-990-C-B-19531-001 | N83: JSW USL-CON-CHI-1020 | O83: 21.5 | P83: m³ | Q83: 18 | R83: CHP-SUP-060 | S83: FS | T83: 0 | Y83: 46198 | Z83: 46211 | AA83: 46191 | AB83: 46211 | AC83: 1 | AD83: =IF($AB83<>"",0,IF($AA83="",$Q83,MAX(1,ROUND($Q83*(1-$AC83),0)))) -> 0 | AE83: =IF($AA83<>"",$AA83,MAX($X83,NextWD,IF($R83="",0,IF($S83="SS",INDEX(WorkDays,MATCH(INDEX($AE$6:$AE$156,MATCH($R83,$A$6:$A$156,0))-1,WorkDays,1)+1+$T83),INDEX(WorkDays,MATCH(INDEX($AF$6:$AF$156,MATCH($R83,$A$6:$A$156,0)),WorkDays,1)+IF($Q83=0,0,1)+$T83))),IF($U83="",0,IF($V83="SS",INDEX(WorkDays,MATCH(INDEX($AE$6:$AE$156,MATCH($U83,$A$6:$A$156,0))-1,WorkDays,1)+1+$W83),INDEX(WorkDays,MATCH(INDEX($AF$6:$AF$156,MATCH($U83,$A$6:$A$156,0)),WorkDays,1)+IF($Q83=0,0,1)+$W83))))) -> 46191 | AF83: =IF($AB83<>"",$AB83,IF($Q83=0,$AE83,INDEX(WorkDays,MATCH(MAX($AE83,NextWD)-1,WorkDays,1)+$AD83))) -> 46211 | AG83: =IF($AB83<>"","Completed",IF($AA83<>"","In Progress",IF(AND($Y83<>"",$Y83<=DataDate),"Not Started (Late)","Not Started"))) -> Completed | AH83: =IF($Z83="","",MATCH($AF83,WorkDays,1)-MATCH($Z83,WorkDays,1)) -> 0 | AI83: =IF($O83="","",$O83*IF($AB83<>"",1,$AC83)) -> 21.5 | AJ83: ASSUMED actual (derived from P6 70% @ DD), sequenced inside the P6 group – replace with DPR / pour-card dates.
A84: CHP-SUP-110 | B84: 4 | C84: Columns Lift-2 (EL +4.000 to +9.150) – Zone-2 (10 nos) | D84: Superstructure | E84: Z2 | F84: Grid 3 to 5 (column lines 4, 5) | G84: EL(+)4.000 to EL(+)9.150 | H84: Structural Columns | I84: C9 ×2, C8 ×2, C5, C6 ×2, C4 ×2, C3 | J84: =COUNTIF('BIM Element Map'!$J$6:$J$1000,$A84) -> 10 | K84: CHP-SUP-110 | L84: Construct | M84: O24091-990-C-B-19531-001 | N84: JSW USL-CON-CHI-1020 | O84: 11.9 | P84: m³ | Q84: 14 | R84: CHP-SUP-070 | S84: FS | T84: 0 | U84: CHP-SUP-100 | V84: SS | W84: 8 | Y84: 46206 | Z84: 46216 | AA84: 46203 | AB84: 46218 | AC84: 1 | AD84: =IF($AB84<>"",0,IF($AA84="",$Q84,MAX(1,ROUND($Q84*(1-$AC84),0)))) -> 0 | AE84: =IF($AA84<>"",$AA84,MAX($X84,NextWD,IF($R84="",0,IF($S84="SS",INDEX(WorkDays,MATCH(INDEX($AE$6:$AE$156,MATCH($R84,$A$6:$A$156,0))-1,WorkDays,1)+1+$T84),INDEX(WorkDays,MATCH(INDEX($AF$6:$AF$156,MATCH($R84,$A$6:$A$156,0)),WorkDays,1)+IF($Q84=0,0,1)+$T84))),IF($U84="",0,IF($V84="SS",INDEX(WorkDays,MATCH(INDEX($AE$6:$AE$156,MATCH($U84,$A$6:$A$156,0))-1,WorkDays,1)+1+$W84),INDEX(WorkDays,MATCH(INDEX($AF$6:$AF$156,MATCH($U84,$A$6:$A$156,0)),WorkDays,1)+IF($Q84=0,0,1)+$W84))))) -> 46203 | AF84: =IF($AB84<>"",$AB84,IF($Q84=0,$AE84,INDEX(WorkDays,MATCH(MAX($AE84,NextWD)-1,WorkDays,1)+$AD84))) -> 46218 | AG84: =IF($AB84<>"","Completed",IF($AA84<>"","In Progress",IF(AND($Y84<>"",$Y84<=DataDate),"Not Started (Late)","Not Started"))) -> Completed | AH84: =IF($Z84="","",MATCH($AF84,WorkDays,1)-MATCH($Z84,WorkDays,1)) -> 2 | AI84: =IF($O84="","",$O84*IF($AB84<>"",1,$AC84)) -> 11.9 | AJ84: ASSUMED actual (derived from P6 70% @ DD), sequenced inside the P6 group – replace with DPR / pour-card dates.
A85: CHP-SUP-120 | B85: 4 | C85: Columns Lift-2 (EL +4.000 to +9.150) – Zone-3 (8 nos) | D85: Superstructure | E85: Z3 | F85: Grid 5 to 6 (column lines 5.1, 6) | G85: EL(+)4.000 to EL(+)9.150 | H85: Structural Columns | I85: C1 ×4, C2, C3 ×3 | J85: =COUNTIF('BIM Element Map'!$J$6:$J$1000,$A85) -> 8 | K85: CHP-SUP-120 | L85: Construct | M85: O24091-990-C-B-19531-001 | N85: JSW USL-CON-CHI-1020 | O85: 9.6 | P85: m³ | Q85: 12 | R85: CHP-SUP-080 | S85: FS | T85: 0 | U85: CHP-SUP-110 | V85: SS | W85: 6 | Y85: 46212 | Z85: 46220 | AA85: 46212 | AB85: 46225 | AC85: 1 | AD85: =IF($AB85<>"",0,IF($AA85="",$Q85,MAX(1,ROUND($Q85*(1-$AC85),0)))) -> 0 | AE85: =IF($AA85<>"",$AA85,MAX($X85,NextWD,IF($R85="",0,IF($S85="SS",INDEX(WorkDays,MATCH(INDEX($AE$6:$AE$156,MATCH($R85,$A$6:$A$156,0))-1,WorkDays,1)+1+$T85),INDEX(WorkDays,MATCH(INDEX($AF$6:$AF$156,MATCH($R85,$A$6:$A$156,0)),WorkDays,1)+IF($Q85=0,0,1)+$T85))),IF($U85="",0,IF($V85="SS",INDEX(WorkDays,MATCH(INDEX($AE$6:$AE$156,MATCH($U85,$A$6:$A$156,0))-1,WorkDays,1)+1+$W85),INDEX(WorkDays,MATCH(INDEX($AF$6:$AF$156,MATCH($U85,$A$6:$A$156,0)),WorkDays,1)+IF($Q85=0,0,1)+$W85))))) -> 46212 | AF85: =IF($AB85<>"",$AB85,IF($Q85=0,$AE85,INDEX(WorkDays,MATCH(MAX($AE85,NextWD)-1,WorkDays,1)+$AD85))) -> 46225 | AG85: =IF($AB85<>"","Completed",IF($AA85<>"","In Progress",IF(AND($Y85<>"",$Y85<=DataDate),"Not Started (Late)","Not Started"))) -> Completed | AH85: =IF($Z85="","",MATCH($AF85,WorkDays,1)-MATCH($Z85,WorkDays,1)) -> 4 | AI85: =IF($O85="","",$O85*IF($AB85<>"",1,$AC85)) -> 9.6 | AJ85: ASSUMED actual (derived from P6 70% @ DD), sequenced inside the P6 group – replace with DPR / pour-card dates.
A86: CHP-SUP-130 | B86: 4 | C86: Staircase ST-2 – flights FLT-4 to FLT-7, landings +5.350/+6.700/+7.900 up to +9.150 | D86: Superstructure | E86: Z1 | F86: Grid 2–1 / Row E–D.2 | G86: EL(+)4.000 to EL(+)9.150 | H86: Stairs + Floors (Landing) + Structural Framing (Stair Beam) | I86: FLT-4..FLT-7, Landings +5.350, +6.700, +7.900, STB1 / STB2 | J86: =COUNTIF('BIM Element Map'!$J$6:$J$1000,$A86) -> 3 | K86: CHP-SUP-130 | L86: Construct | M86: O24091-990-C-B-19531-005 | N86: JSW USL-CON-CHI-1020 | O86: 13 | P86: m³ | Q86: 22 | R86: CHP-SUP-050 | S86: FS | T86: 0 | U86: CHP-SUP-060 | V86: FS | W86: 0 | Y86: 46198 | Z86: 46214 | AA86: 46191 | AB86: 46216 | AC86: 1 | AD86: =IF($AB86<>"",0,IF($AA86="",$Q86,MAX(1,ROUND($Q86*(1-$AC86),0)))) -> 0 | AE86: =IF($AA86<>"",$AA86,MAX($X86,NextWD,IF($R86="",0,IF($S86="SS",INDEX(WorkDays,MATCH(INDEX($AE$6:$AE$156,MATCH($R86,$A$6:$A$156,0))-1,WorkDays,1)+1+$T86),INDEX(WorkDays,MATCH(INDEX($AF$6:$AF$156,MATCH($R86,$A$6:$A$156,0)),WorkDays,1)+IF($Q86=0,0,1)+$T86))),IF($U86="",0,IF($V86="SS",INDEX(WorkDays,MATCH(INDEX($AE$6:$AE$156,MATCH($U86,$A$6:$A$156,0))-1,WorkDays,1)+1+$W86),INDEX(WorkDays,MATCH(INDEX($AF$6:$AF$156,MATCH($U86,$A$6:$A$156,0)),WorkDays,1)+IF($Q86=0,0,1)+$W86))))) -> 46191 | AF86: =IF($AB86<>"",$AB86,IF($Q86=0,$AE86,INDEX(WorkDays,MATCH(MAX($AE86,NextWD)-1,WorkDays,1)+$AD86))) -> 46216 | AG86: =IF($AB86<>"","Completed",IF($AA86<>"","In Progress",IF(AND($Y86<>"",$Y86<=DataDate),"Not Started (Late)","Not Started"))) -> Completed | AH86: =IF($Z86="","",MATCH($AF86,WorkDays,1)-MATCH($Z86,WorkDays,1)) -> 1 | AI86: =IF($O86="","",$O86*IF($AB86<>"",1,$AC86)) -> 13 | AJ86: ASSUMED actual (derived from P6 70% @ DD), sequenced inside the P6 group – replace with DPR / pour-card dates.
A87: CHP-SUP-140 | B87: 4 | C87: Staircase ST-1 – flights FLT-4 to FLT-7, landings +5.350/+6.700/+7.900 up to +9.150 | D87: Superstructure | E87: Z3 | F87: Grid 6–5.1 / Row E–D.1 | G87: EL(+)4.000 to EL(+)9.150 | H87: Stairs + Floors (Landing) + Structural Framing (Stair Beam) | I87: FLT-4..FLT-7, Landings +5.350, +6.700, +7.900, STB1 / STB2 | J87: =COUNTIF('BIM Element Map'!$J$6:$J$1000,$A87) -> 3 | K87: CHP-SUP-140 | L87: Construct | M87: O24091-990-C-B-19531-005 | N87: JSW USL-CON-CHI-1020 | O87: 13 | P87: m³ | Q87: 22 | R87: CHP-SUP-090 | S87: FS | T87: 0 | U87: CHP-SUP-080 | V87: FS | W87: 0 | Y87: 46212 | Z87: 46228 | AA87: 46212 | AB87: 46237 | AC87: 1 | AD87: =IF($AB87<>"",0,IF($AA87="",$Q87,MAX(1,ROUND($Q87*(1-$AC87),0)))) -> 0 | AE87: =IF($AA87<>"",$AA87,MAX($X87,NextWD,IF($R87="",0,IF($S87="SS",INDEX(WorkDays,MATCH(INDEX($AE$6:$AE$156,MATCH($R87,$A$6:$A$156,0))-1,WorkDays,1)+1+$T87),INDEX(WorkDays,MATCH(INDEX($AF$6:$AF$156,MATCH($R87,$A$6:$A$156,0)),WorkDays,1)+IF($Q87=0,0,1)+$T87))),IF($U87="",0,IF($V87="SS",INDEX(WorkDays,MATCH(INDEX($AE$6:$AE$156,MATCH($U87,$A$6:$A$156,0))-1,WorkDays,1)+1+$W87),INDEX(WorkDays,MATCH(INDEX($AF$6:$AF$156,MATCH($U87,$A$6:$A$156,0)),WorkDays,1)+IF($Q87=0,0,1)+$W87))))) -> 46212 | AF87: =IF($AB87<>"",$AB87,IF($Q87=0,$AE87,INDEX(WorkDays,MATCH(MAX($AE87,NextWD)-1,WorkDays,1)+$AD87))) -> 46237 | AG87: =IF($AB87<>"","Completed",IF($AA87<>"","In Progress",IF(AND($Y87<>"",$Y87<=DataDate),"Not Started (Late)","Not Started"))) -> Completed | AH87: =IF($Z87="","",MATCH($AF87,WorkDays,1)-MATCH($Z87,WorkDays,1)) -> 7 | AI87: =IF($O87="","",$O87*IF($AB87<>"",1,$AC87)) -> 13 | AJ87: ASSUMED actual (derived from P6 70% @ DD), sequenced inside the P6 group – replace with DPR / pour-card dates.
A88: CHP-SUP-150 | B88: 4 | C88: Roof beams & 150 thk slab (TOC EL +9.150) – Zone-1 (Grid 1–3, Row E–A) | D88: Superstructure | E88: Z1 | F88: Grid 1 to 3 (column lines 1, 2, 3 incl. SC1) | G88: T.O.C EL(+)9.150 | H88: Structural Framing (Roof Beam) + Floors / Roofs (Structural slab) | I88: RB1, RB2, RB3, RB4, RB5, RB6, RB7, RB8, RB10/RB11, RB12/RB13, SLAB-RF | J88: =COUNTIF('BIM Element Map'!$J$6:$J$1000,$A88) -> 11 | K88: CHP-SUP-150 | L88: Construct | M88: O24091-990-C-B-19531-004 | N88: JSW USL-CON-CHI-1020 | O88: 88 | P88: m³ | Q88: 30 | R88: CHP-SUP-100 | S88: FS | T88: 0 | Y88: 46212 | Z88: 46235 | AA88: 46212 | AB88: 46246 | AC88: 1 | AD88: =IF($AB88<>"",0,IF($AA88="",$Q88,MAX(1,ROUND($Q88*(1-$AC88),0)))) -> 0 | AE88: =IF($AA88<>"",$AA88,MAX($X88,NextWD,IF($R88="",0,IF($S88="SS",INDEX(WorkDays,MATCH(INDEX($AE$6:$AE$156,MATCH($R88,$A$6:$A$156,0))-1,WorkDays,1)+1+$T88),INDEX(WorkDays,MATCH(INDEX($AF$6:$AF$156,MATCH($R88,$A$6:$A$156,0)),WorkDays,1)+IF($Q88=0,0,1)+$T88))),IF($U88="",0,IF($V88="SS",INDEX(WorkDays,MATCH(INDEX($AE$6:$AE$156,MATCH($U88,$A$6:$A$156,0))-1,WorkDays,1)+1+$W88),INDEX(WorkDays,MATCH(INDEX($AF$6:$AF$156,MATCH($U88,$A$6:$A$156,0)),WorkDays,1)+IF($Q88=0,0,1)+$W88))))) -> 46212 | AF88: =IF($AB88<>"",$AB88,IF($Q88=0,$AE88,INDEX(WorkDays,MATCH(MAX($AE88,NextWD)-1,WorkDays,1)+$AD88))) -> 46246 | AG88: =IF($AB88<>"","Completed",IF($AA88<>"","In Progress",IF(AND($Y88<>"",$Y88<=DataDate),"Not Started (Late)","Not Started"))) -> Completed | AH88: =IF($Z88="","",MATCH($AF88,WorkDays,1)-MATCH($Z88,WorkDays,1)) -> 9 | AI88: =IF($O88="","",$O88*IF($AB88<>"",1,$AC88)) -> 88 | AJ88: ASSUMED actual (derived from P6 70% @ DD), sequenced inside the P6 group – replace with DPR / pour-card dates.
A89: CHP-SUP-160 | B89: 4 | C89: Roof beams & 150 thk slab (TOC EL +9.150) – Zone-2 (Grid 3–5, Row E–A) | D89: Superstructure | E89: Z2 | F89: Grid 3 to 5 (column lines 4, 5) | G89: T.O.C EL(+)9.150 | H89: Structural Framing (Roof Beam) + Floors / Roofs (Structural slab) | I89: RB1, RB2, RB3, RB4, RB5, RB7, RB8, RB10, SLAB-RF | J89: =COUNTIF('BIM Element Map'!$J$6:$J$1000,$A89) -> 9 | K89: CHP-SUP-160 | L89: Construct | M89: O24091-990-C-B-19531-004 | N89: JSW USL-CON-CHI-1020 | O89: 88 | P89: m³ | Q89: 28 | R89: CHP-SUP-110 | S89: FS | T89: 0 | U89: CHP-SUP-150 | V89: SS | W89: 15 | Y89: 46224 | Z89: 46246 | AA89: 46230 | AB89: 46262 | AC89: 1 | AD89: =IF($AB89<>"",0,IF($AA89="",$Q89,MAX(1,ROUND($Q89*(1-$AC89),0)))) -> 0 | AE89: =IF($AA89<>"",$AA89,MAX($X89,NextWD,IF($R89="",0,IF($S89="SS",INDEX(WorkDays,MATCH(INDEX($AE$6:$AE$156,MATCH($R89,$A$6:$A$156,0))-1,WorkDays,1)+1+$T89),INDEX(WorkDays,MATCH(INDEX($AF$6:$AF$156,MATCH($R89,$A$6:$A$156,0)),WorkDays,1)+IF($Q89=0,0,1)+$T89))),IF($U89="",0,IF($V89="SS",INDEX(WorkDays,MATCH(INDEX($AE$6:$AE$156,MATCH($U89,$A$6:$A$156,0))-1,WorkDays,1)+1+$W89),INDEX(WorkDays,MATCH(INDEX($AF$6:$AF$156,MATCH($U89,$A$6:$A$156,0)),WorkDays,1)+IF($Q89=0,0,1)+$W89))))) -> 46230 | AF89: =IF($AB89<>"",$AB89,IF($Q89=0,$AE89,INDEX(WorkDays,MATCH(MAX($AE89,NextWD)-1,WorkDays,1)+$AD89))) -> 46262 | AG89: =IF($AB89<>"","Completed",IF($AA89<>"","In Progress",IF(AND($Y89<>"",$Y89<=DataDate),"Not Started (Late)","Not Started"))) -> Completed | AH89: =IF($Z89="","",MATCH($AF89,WorkDays,1)-MATCH($Z89,WorkDays,1)) -> 13 | AI89: =IF($O89="","",$O89*IF($AB89<>"",1,$AC89)) -> 88 | AJ89: ASSUMED actual (derived from P6 70% @ DD), sequenced inside the P6 group – replace with DPR / pour-card dates.
A90: CHP-SUP-170 | B90: 4 | C90: Roof beams & 150 thk slab (TOC EL +9.150) – Zone-3 (Grid 5–6, Row E–A) | D90: Superstructure | E90: Z3 | F90: Grid 5 to 6 (column lines 5.1, 6) | G90: T.O.C EL(+)9.150 | H90: Structural Framing (Roof Beam) + Floors / Roofs (Structural slab) | I90: RB1, RB2, RB3, RB4, RB5, RB8, RB9/RB10, RB14, SLAB-RF | J90: =COUNTIF('BIM Element Map'!$J$6:$J$1000,$A90) -> 9 | K90: CHP-SUP-170 | L90: Construct | M90: O24091-990-C-B-19531-004 | N90: JSW USL-CON-CHI-1020 | O90: 62 | P90: m³ | Q90: 24 | R90: CHP-SUP-120 | S90: FS | T90: 0 | U90: CHP-SUP-160 | V90: SS | W90: 14 | Y90: 46235 | Z90: 46254 | AA90: 46246 | AB90: 46274 | AC90: 1 | AD90: =IF($AB90<>"",0,IF($AA90="",$Q90,MAX(1,ROUND($Q90*(1-$AC90),0)))) -> 0 | AE90: =IF($AA90<>"",$AA90,MAX($X90,NextWD,IF($R90="",0,IF($S90="SS",INDEX(WorkDays,MATCH(INDEX($AE$6:$AE$156,MATCH($R90,$A$6:$A$156,0))-1,WorkDays,1)+1+$T90),INDEX(WorkDays,MATCH(INDEX($AF$6:$AF$156,MATCH($R90,$A$6:$A$156,0)),WorkDays,1)+IF($Q90=0,0,1)+$T90))),IF($U90="",0,IF($V90="SS",INDEX(WorkDays,MATCH(INDEX($AE$6:$AE$156,MATCH($U90,$A$6:$A$156,0))-1,WorkDays,1)+1+$W90),INDEX(WorkDays,MATCH(INDEX($AF$6:$AF$156,MATCH($U90,$A$6:$A$156,0)),WorkDays,1)+IF($Q90=0,0,1)+$W90))))) -> 46246 | AF90: =IF($AB90<>"",$AB90,IF($Q90=0,$AE90,INDEX(WorkDays,MATCH(MAX($AE90,NextWD)-1,WorkDays,1)+$AD90))) -> 46274 | AG90: =IF($AB90<>"","Completed",IF($AA90<>"","In Progress",IF(AND($Y90<>"",$Y90<=DataDate),"Not Started (Late)","Not Started"))) -> Completed | AH90: =IF($Z90="","",MATCH($AF90,WorkDays,1)-MATCH($Z90,WorkDays,1)) -> 17 | AI90: =IF($O90="","",$O90*IF($AB90<>"",1,$AC90)) -> 62 | AJ90: ASSUMED actual (derived from P6 70% @ DD), sequenced inside the P6 group – replace with DPR / pour-card dates.
A91: CHP-SUP-180 | B91: 4 | C91: Mumty columns (EL +9.150 to +12.150) – ST-2 (C1 ×4) | D91: Superstructure | E91: Z1 | F91: 1/E; 2/E; 1/D.2; 2/D.2 | G91: EL(+)9.150 to EL(+)12.150 | H91: Structural Columns | I91: C1 ×4 | J91: =COUNTIF('BIM Element Map'!$J$6:$J$1000,$A91) -> 4 | K91: CHP-SUP-180 | L91: Construct | M91: O24091-990-C-B-19531-001 | N91: JSW USL-CON-CHI-1020 | O91: 2 | P91: m³ | Q91: 8 | R91: CHP-SUP-150 | S91: FS | T91: 0 | U91: CHP-SUP-130 | V91: FS | W91: 0 | Y91: 46237 | Z91: 46241 | AA91: 46247 | AB91: 46256 | AC91: 1 | AD91: =IF($AB91<>"",0,IF($AA91="",$Q91,MAX(1,ROUND($Q91*(1-$AC91),0)))) -> 0 | AE91: =IF($AA91<>"",$AA91,MAX($X91,NextWD,IF($R91="",0,IF($S91="SS",INDEX(WorkDays,MATCH(INDEX($AE$6:$AE$156,MATCH($R91,$A$6:$A$156,0))-1,WorkDays,1)+1+$T91),INDEX(WorkDays,MATCH(INDEX($AF$6:$AF$156,MATCH($R91,$A$6:$A$156,0)),WorkDays,1)+IF($Q91=0,0,1)+$T91))),IF($U91="",0,IF($V91="SS",INDEX(WorkDays,MATCH(INDEX($AE$6:$AE$156,MATCH($U91,$A$6:$A$156,0))-1,WorkDays,1)+1+$W91),INDEX(WorkDays,MATCH(INDEX($AF$6:$AF$156,MATCH($U91,$A$6:$A$156,0)),WorkDays,1)+IF($Q91=0,0,1)+$W91))))) -> 46247 | AF91: =IF($AB91<>"",$AB91,IF($Q91=0,$AE91,INDEX(WorkDays,MATCH(MAX($AE91,NextWD)-1,WorkDays,1)+$AD91))) -> 46256 | AG91: =IF($AB91<>"","Completed",IF($AA91<>"","In Progress",IF(AND($Y91<>"",$Y91<=DataDate),"Not Started (Late)","Not Started"))) -> Completed | AH91: =IF($Z91="","",MATCH($AF91,WorkDays,1)-MATCH($Z91,WorkDays,1)) -> 12 | AI91: =IF($O91="","",$O91*IF($AB91<>"",1,$AC91)) -> 2 | AJ91: ASSUMED actual (derived from P6 70% @ DD), sequenced inside the P6 group – replace with DPR / pour-card dates.
A92: CHP-SUP-190 | B92: 4 | C92: Mumty roof beams RB15/RB16 & slab (TOC EL +12.150) – ST-2 | D92: Superstructure | E92: Z1 | F92: Grid 2–1 / Row E–D.2 | G92: T.O.C EL(+)12.150 | H92: Structural Framing (Roof Beam) + Floors / Roofs (Structural slab) | I92: RB15 / RB16, SLAB 150 | J92: =COUNTIF('BIM Element Map'!$J$6:$J$1000,$A92) -> 2 | K92: CHP-SUP-190 | L92: Construct | M92: O24091-990-C-B-19531-004 | N92: JSW USL-CON-CHI-1020 | O92: 8.5 | P92: m³ | Q92: 12 | R92: CHP-SUP-180 | S92: FS | T92: 0 | Y92: 46242 | Z92: 46252 | AA92: 46258 | AB92: 46270 | AC92: 1 | AD92: =IF($AB92<>"",0,IF($AA92="",$Q92,MAX(1,ROUND($Q92*(1-$AC92),0)))) -> 0 | AE92: =IF($AA92<>"",$AA92,MAX($X92,NextWD,IF($R92="",0,IF($S92="SS",INDEX(WorkDays,MATCH(INDEX($AE$6:$AE$156,MATCH($R92,$A$6:$A$156,0))-1,WorkDays,1)+1+$T92),INDEX(WorkDays,MATCH(INDEX($AF$6:$AF$156,MATCH($R92,$A$6:$A$156,0)),WorkDays,1)+IF($Q92=0,0,1)+$T92))),IF($U92="",0,IF($V92="SS",INDEX(WorkDays,MATCH(INDEX($AE$6:$AE$156,MATCH($U92,$A$6:$A$156,0))-1,WorkDays,1)+1+$W92),INDEX(WorkDays,MATCH(INDEX($AF$6:$AF$156,MATCH($U92,$A$6:$A$156,0)),WorkDays,1)+IF($Q92=0,0,1)+$W92))))) -> 46258 | AF92: =IF($AB92<>"",$AB92,IF($Q92=0,$AE92,INDEX(WorkDays,MATCH(MAX($AE92,NextWD)-1,WorkDays,1)+$AD92))) -> 46270 | AG92: =IF($AB92<>"","Completed",IF($AA92<>"","In Progress",IF(AND($Y92<>"",$Y92<=DataDate),"Not Started (Late)","Not Started"))) -> Completed | AH92: =IF($Z92="","",MATCH($AF92,WorkDays,1)-MATCH($Z92,WorkDays,1)) -> 16 | AI92: =IF($O92="","",$O92*IF($AB92<>"",1,$AC92)) -> 8.5 | AJ92: ASSUMED actual (derived from P6 70% @ DD), sequenced inside the P6 group – replace with DPR / pour-card dates.
A93: CHP-SUP-200 | B93: 4 | C93: Mumty columns (EL +9.150 to +12.150) – ST-1 (C1 ×4) | D93: Superstructure | E93: Z3 | F93: 5.1/E; 6/E; 5.1/D.1; 6/D.1 | G93: EL(+)9.150 to EL(+)12.150 | H93: Structural Columns | I93: C1 ×4 | J93: =COUNTIF('BIM Element Map'!$J$6:$J$1000,$A93) -> 4 | K93: CHP-SUP-200 | L93: Construct | M93: O24091-990-C-B-19531-001 | N93: JSW USL-CON-CHI-1020 | O93: 2 | P93: m³ | Q93: 8 | R93: CHP-SUP-170 | S93: FS | T93: 0 | U93: CHP-SUP-140 | V93: FS | W93: 0 | Y93: 46255 | Z93: 46261 | AA93: 46275 | AB93: 46283 | AC93: 1 | AD93: =IF($AB93<>"",0,IF($AA93="",$Q93,MAX(1,ROUND($Q93*(1-$AC93),0)))) -> 0 | AE93: =IF($AA93<>"",$AA93,MAX($X93,NextWD,IF($R93="",0,IF($S93="SS",INDEX(WorkDays,MATCH(INDEX($AE$6:$AE$156,MATCH($R93,$A$6:$A$156,0))-1,WorkDays,1)+1+$T93),INDEX(WorkDays,MATCH(INDEX($AF$6:$AF$156,MATCH($R93,$A$6:$A$156,0)),WorkDays,1)+IF($Q93=0,0,1)+$T93))),IF($U93="",0,IF($V93="SS",INDEX(WorkDays,MATCH(INDEX($AE$6:$AE$156,MATCH($U93,$A$6:$A$156,0))-1,WorkDays,1)+1+$W93),INDEX(WorkDays,MATCH(INDEX($AF$6:$AF$156,MATCH($U93,$A$6:$A$156,0)),WorkDays,1)+IF($Q93=0,0,1)+$W93))))) -> 46275 | AF93: =IF($AB93<>"",$AB93,IF($Q93=0,$AE93,INDEX(WorkDays,MATCH(MAX($AE93,NextWD)-1,WorkDays,1)+$AD93))) -> 46283 | AG93: =IF($AB93<>"","Completed",IF($AA93<>"","In Progress",IF(AND($Y93<>"",$Y93<=DataDate),"Not Started (Late)","Not Started"))) -> Completed | AH93: =IF($Z93="","",MATCH($AF93,WorkDays,1)-MATCH($Z93,WorkDays,1)) -> 19 | AI93: =IF($O93="","",$O93*IF($AB93<>"",1,$AC93)) -> 2 | AJ93: ASSUMED actual (derived from P6 70% @ DD), sequenced inside the P6 group – replace with DPR / pour-card dates.
A94: CHP-SUP-210 | B94: 4 | C94: Mumty roof beams RB15/RB16 & slab (TOC EL +12.150) – ST-1 | D94: Superstructure | E94: Z3 | F94: Grid 6–5.1 / Row E–D.1 | G94: T.O.C EL(+)12.150 | H94: Structural Framing (Roof Beam) + Floors / Roofs (Structural slab) | I94: RB15 / RB16, SLAB 150 | J94: =COUNTIF('BIM Element Map'!$J$6:$J$1000,$A94) -> 2 | K94: CHP-SUP-210 | L94: Construct | M94: O24091-990-C-B-19531-004 | N94: JSW USL-CON-CHI-1020 | O94: 8.5 | P94: m³ | Q94: 12 | R94: CHP-SUP-200 | S94: FS | T94: 0 | Y94: 46262 | Z94: 46270 | AA94: 46284 | AC94: 0.92 | AD94: =IF($AB94<>"",0,IF($AA94="",$Q94,MAX(1,ROUND($Q94*(1-$AC94),0)))) -> 1 | AE94: =IF($AA94<>"",$AA94,MAX($X94,NextWD,IF($R94="",0,IF($S94="SS",INDEX(WorkDays,MATCH(INDEX($AE$6:$AE$156,MATCH($R94,$A$6:$A$156,0))-1,WorkDays,1)+1+$T94),INDEX(WorkDays,MATCH(INDEX($AF$6:$AF$156,MATCH($R94,$A$6:$A$156,0)),WorkDays,1)+IF($Q94=0,0,1)+$T94))),IF($U94="",0,IF($V94="SS",INDEX(WorkDays,MATCH(INDEX($AE$6:$AE$156,MATCH($U94,$A$6:$A$156,0))-1,WorkDays,1)+1+$W94),INDEX(WorkDays,MATCH(INDEX($AF$6:$AF$156,MATCH($U94,$A$6:$A$156,0)),WorkDays,1)+IF($Q94=0,0,1)+$W94))))) -> 46284 | AF94: =IF($AB94<>"",$AB94,IF($Q94=0,$AE94,INDEX(WorkDays,MATCH(MAX($AE94,NextWD)-1,WorkDays,1)+$AD94))) -> 46298 | AG94: =IF($AB94<>"","Completed",IF($AA94<>"","In Progress",IF(AND($Y94<>"",$Y94<=DataDate),"Not Started (Late)","Not Started"))) -> In Progress | AH94: =IF($Z94="","",MATCH($AF94,WorkDays,1)-MATCH($Z94,WorkDays,1)) -> 23 | AI94: =IF($O94="","",$O94*IF($AB94<>"",1,$AC94)) -> 7.82 | AJ94: ASSUMED actual (derived from P6 70% @ DD), sequenced inside the P6 group – replace with DPR / pour-card dates. In progress at DD; remaining duration set so the group finishes on the P6 date.
A95: CHP-GRD-010 | B95: 4 | C95: Cable trench T1 (1500 deep) Row D–C, Grid 6→1 incl. cable pit at Grid 6 | D95: Grade slab & foundations | E95: All | F95: Row D–C : Grid 6→1; Grid 6 / Row D–C | G95: Top EL ±0.000, base EL(-)1.500 / Top EL ±0.000 | H95: Generic Models / Structural (Trench) + Generic Models / Structural (Pit) | I95: T1, Cable pit | J95: =COUNTIF('BIM Element Map'!$J$6:$J$1000,$A95) -> 2 | K95: CHP-GRD-010 | L95: Construct | M95: O24091-990-C-B-19531-007 | N95: JSW USL-CON-CHI-1020 | O95: 95 | P95: m³ | Q95: 25 | R95: CHP-SUB-120 | S95: FS | T95: 0 | Y95: 46175 | Z95: 46193 | AA95: 46157 | AB95: 46185 | AC95: 1 | AD95: =IF($AB95<>"",0,IF($AA95="",$Q95,MAX(1,ROUND($Q95*(1-$AC95),0)))) -> 0 | AE95: =IF($AA95<>"",$AA95,MAX($X95,NextWD,IF($R95="",0,IF($S95="SS",INDEX(WorkDays,MATCH(INDEX($AE$6:$AE$156,MATCH($R95,$A$6:$A$156,0))-1,WorkDays,1)+1+$T95),INDEX(WorkDays,MATCH(INDEX($AF$6:$AF$156,MATCH($R95,$A$6:$A$156,0)),WorkDays,1)+IF($Q95=0,0,1)+$T95))),IF($U95="",0,IF($V95="SS",INDEX(WorkDays,MATCH(INDEX($AE$6:$AE$156,MATCH($U95,$A$6:$A$156,0))-1,WorkDays,1)+1+$W95),INDEX(WorkDays,MATCH(INDEX($AF$6:$AF$156,MATCH($U95,$A$6:$A$156,0)),WorkDays,1)+IF($Q95=0,0,1)+$W95))))) -> 46157 | AF95: =IF($AB95<>"",$AB95,IF($Q95=0,$AE95,INDEX(WorkDays,MATCH(MAX($AE95,NextWD)-1,WorkDays,1)+$AD95))) -> 46185 | AG95: =IF($AB95<>"","Completed",IF($AA95<>"","In Progress",IF(AND($Y95<>"",$Y95<=DataDate),"Not Started (Late)","Not Started"))) -> Completed | AH95: =IF($Z95="","",MATCH($AF95,WorkDays,1)-MATCH($Z95,WorkDays,1)) -> -7 | AI95: =IF($O95="","",$O95*IF($AB95<>"",1,$AC95)) -> 95 | AJ95: ASSUMED actual (derived from P6 70% @ DD), sequenced inside the P6 group – replace with DPR / pour-card dates.
A96: CHP-GRD-020 | B96: 4 | C96: Cable trench T2 (1500 deep) Row B–A, Grid 6→1 | D96: Grade slab & foundations | E96: All | F96: Row B–A : Grid 6→1 | G96: Top EL ±0.000, base EL(-)1.500 | H96: Generic Models / Structural (Trench) | I96: T2 | J96: =COUNTIF('BIM Element Map'!$J$6:$J$1000,$A96) -> 1 | K96: CHP-GRD-020 | L96: Construct | M96: O24091-990-C-B-19531-007 | N96: JSW USL-CON-CHI-1020 | O96: 85 | P96: m³ | Q96: 22 | R96: CHP-GRD-010 | S96: SS | T96: 10 | Y96: 46183 | Z96: 46199 | AA96: 46169 | AB96: 46193 | AC96: 1 | AD96: =IF($AB96<>"",0,IF($AA96="",$Q96,MAX(1,ROUND($Q96*(1-$AC96),0)))) -> 0 | AE96: =IF($AA96<>"",$AA96,MAX($X96,NextWD,IF($R96="",0,IF($S96="SS",INDEX(WorkDays,MATCH(INDEX($AE$6:$AE$156,MATCH($R96,$A$6:$A$156,0))-1,WorkDays,1)+1+$T96),INDEX(WorkDays,MATCH(INDEX($AF$6:$AF$156,MATCH($R96,$A$6:$A$156,0)),WorkDays,1)+IF($Q96=0,0,1)+$T96))),IF($U96="",0,IF($V96="SS",INDEX(WorkDays,MATCH(INDEX($AE$6:$AE$156,MATCH($U96,$A$6:$A$156,0))-1,WorkDays,1)+1+$W96),INDEX(WorkDays,MATCH(INDEX($AF$6:$AF$156,MATCH($U96,$A$6:$A$156,0)),WorkDays,1)+IF($Q96=0,0,1)+$W96))))) -> 46169 | AF96: =IF($AB96<>"",$AB96,IF($Q96=0,$AE96,INDEX(WorkDays,MATCH(MAX($AE96,NextWD)-1,WorkDays,1)+$AD96))) -> 46193 | AG96: =IF($AB96<>"","Completed",IF($AA96<>"","In Progress",IF(AND($Y96<>"",$Y96<=DataDate),"Not Started (Late)","Not Started"))) -> Completed | AH96: =IF($Z96="","",MATCH($AF96,WorkDays,1)-MATCH($Z96,WorkDays,1)) -> -5 | AI96: =IF($O96="","",$O96*IF($AB96<>"",1,$AC96)) -> 85 | AJ96: ASSUMED actual (derived from P6 70% @ DD), sequenced inside the P6 group – replace with DPR / pour-card dates.
A97: CHP-GRD-030 | B97: 4 | C97: Grade slab 150 thk – Row E–D block (cable cellar, toilets, shift room, ante rooms) | D97: Grade slab & foundations | E97: All | F97: Row E–D : Grid 6–1 (cable cellar, toilets, shift room) | G97: T.O.C EL ±0.000 / (-)0.050 | H97: Floors (Grade slab) | I97: GS-ED | J97: =COUNTIF('BIM Element Map'!$J$6:$J$1000,$A97) -> 1 | K97: CHP-GRD-030 | L97: Construct | M97: O24091-990-C-B-19531-007 | N97: JSW USL-CON-CHI-1020 | O97: 40 | P97: m³ | Q97: 12 | R97: CHP-SUP-080 | S97: FS | T97: 10 | U97: CHP-GRD-010 | V97: FS | W97: 0 | Y97: 46220 | Z97: 46228 | AA97: 46224 | AB97: 46237 | AC97: 1 | AD97: =IF($AB97<>"",0,IF($AA97="",$Q97,MAX(1,ROUND($Q97*(1-$AC97),0)))) -> 0 | AE97: =IF($AA97<>"",$AA97,MAX($X97,NextWD,IF($R97="",0,IF($S97="SS",INDEX(WorkDays,MATCH(INDEX($AE$6:$AE$156,MATCH($R97,$A$6:$A$156,0))-1,WorkDays,1)+1+$T97),INDEX(WorkDays,MATCH(INDEX($AF$6:$AF$156,MATCH($R97,$A$6:$A$156,0)),WorkDays,1)+IF($Q97=0,0,1)+$T97))),IF($U97="",0,IF($V97="SS",INDEX(WorkDays,MATCH(INDEX($AE$6:$AE$156,MATCH($U97,$A$6:$A$156,0))-1,WorkDays,1)+1+$W97),INDEX(WorkDays,MATCH(INDEX($AF$6:$AF$156,MATCH($U97,$A$6:$A$156,0)),WorkDays,1)+IF($Q97=0,0,1)+$W97))))) -> 46224 | AF97: =IF($AB97<>"",$AB97,IF($Q97=0,$AE97,INDEX(WorkDays,MATCH(MAX($AE97,NextWD)-1,WorkDays,1)+$AD97))) -> 46237 | AG97: =IF($AB97<>"","Completed",IF($AA97<>"","In Progress",IF(AND($Y97<>"",$Y97<=DataDate),"Not Started (Late)","Not Started"))) -> Completed | AH97: =IF($Z97="","",MATCH($AF97,WorkDays,1)-MATCH($Z97,WorkDays,1)) -> 7 | AI97: =IF($O97="","",$O97*IF($AB97<>"",1,$AC97)) -> 40 | AJ97: ASSUMED actual (derived from P6 70% @ DD), sequenced inside the P6 group – replace with DPR / pour-card dates.
A98: CHP-GRD-040 | B98: 4 | C98: Grade slab 150 thk – Row D–C strip (around trench T1) | D98: Grade slab & foundations | E98: All | F98: Row D–C : Grid 6–1 | G98: T.O.C EL ±0.000 | H98: Floors (Grade slab) | I98: GS-DC | J98: =COUNTIF('BIM Element Map'!$J$6:$J$1000,$A98) -> 1 | K98: CHP-GRD-040 | L98: Construct | M98: O24091-990-C-B-19531-007 | N98: JSW USL-CON-CHI-1020 | O98: 25 | P98: m³ | Q98: 10 | R98: CHP-GRD-010 | S98: FS | T98: 0 | U98: CHP-GRD-030 | V98: SS | W98: 5 | Y98: 46224 | Z98: 46231 | AA98: 46230 | AB98: 46240 | AC98: 1 | AD98: =IF($AB98<>"",0,IF($AA98="",$Q98,MAX(1,ROUND($Q98*(1-$AC98),0)))) -> 0 | AE98: =IF($AA98<>"",$AA98,MAX($X98,NextWD,IF($R98="",0,IF($S98="SS",INDEX(WorkDays,MATCH(INDEX($AE$6:$AE$156,MATCH($R98,$A$6:$A$156,0))-1,WorkDays,1)+1+$T98),INDEX(WorkDays,MATCH(INDEX($AF$6:$AF$156,MATCH($R98,$A$6:$A$156,0)),WorkDays,1)+IF($Q98=0,0,1)+$T98))),IF($U98="",0,IF($V98="SS",INDEX(WorkDays,MATCH(INDEX($AE$6:$AE$156,MATCH($U98,$A$6:$A$156,0))-1,WorkDays,1)+1+$W98),INDEX(WorkDays,MATCH(INDEX($AF$6:$AF$156,MATCH($U98,$A$6:$A$156,0)),WorkDays,1)+IF($Q98=0,0,1)+$W98))))) -> 46230 | AF98: =IF($AB98<>"",$AB98,IF($Q98=0,$AE98,INDEX(WorkDays,MATCH(MAX($AE98,NextWD)-1,WorkDays,1)+$AD98))) -> 46240 | AG98: =IF($AB98<>"","Completed",IF($AA98<>"","In Progress",IF(AND($Y98<>"",$Y98<=DataDate),"Not Started (Late)","Not Started"))) -> Completed | AH98: =IF($Z98="","",MATCH($AF98,WorkDays,1)-MATCH($Z98,WorkDays,1)) -> 8 | AI98: =IF($O98="","",$O98*IF($AB98<>"",1,$AC98)) -> 25 | AJ98: ASSUMED actual (derived from P6 70% @ DD), sequenced inside the P6 group – replace with DPR / pour-card dates.
A99: CHP-GRD-050 | B99: 4 | C99: Chiller foundations F1-01 & F1-02 (Bays 1–2, 2–3) | D99: Grade slab & foundations | E99: Z1 | F99: Bay 1–2 / Row C–B; Bay 2–3 / Row C–B | G99: T.O.C EL ±0.000 | H99: Structural Foundations (Equipment) | I99: F1-01, F1-02 | J99: =COUNTIF('BIM Element Map'!$J$6:$J$1000,$A99) -> 2 | K99: CHP-GRD-050 | L99: Construct | M99: O24091-990-C-B-19531-008 | N99: JSW USL-CON-CHI-1020 | O99: 56 | P99: m³ | Q99: 18 | R99: CHP-MS-040 | S99: FS | T99: 0 | U99: CHP-SUP-150 | V99: FS | W99: 0 | X99: 46298 | Y99: 46270 | Z99: 46284 | AC99: 0 | AD99: =IF($AB99<>"",0,IF($AA99="",$Q99,MAX(1,ROUND($Q99*(1-$AC99),0)))) -> 18 | AE99: =IF($AA99<>"",$AA99,MAX($X99,NextWD,IF($R99="",0,IF($S99="SS",INDEX(WorkDays,MATCH(INDEX($AE$6:$AE$156,MATCH($R99,$A$6:$A$156,0))-1,WorkDays,1)+1+$T99),INDEX(WorkDays,MATCH(INDEX($AF$6:$AF$156,MATCH($R99,$A$6:$A$156,0)),WorkDays,1)+IF($Q99=0,0,1)+$T99))),IF($U99="",0,IF($V99="SS",INDEX(WorkDays,MATCH(INDEX($AE$6:$AE$156,MATCH($U99,$A$6:$A$156,0))-1,WorkDays,1)+1+$W99),INDEX(WorkDays,MATCH(INDEX($AF$6:$AF$156,MATCH($U99,$A$6:$A$156,0)),WorkDays,1)+IF($Q99=0,0,1)+$W99))))) -> 46298 | AF99: =IF($AB99<>"",$AB99,IF($Q99=0,$AE99,INDEX(WorkDays,MATCH(MAX($AE99,NextWD)-1,WorkDays,1)+$AD99))) -> 46319 | AG99: =IF($AB99<>"","Completed",IF($AA99<>"","In Progress",IF(AND($Y99<>"",$Y99<=DataDate),"Not Started (Late)","Not Started"))) -> Not Started (Late) | AH99: =IF($Z99="","",MATCH($AF99,WorkDays,1)-MATCH($Z99,WorkDays,1)) -> 28 | AI99: =IF($O99="","",$O99*IF($AB99<>"",1,$AC99)) -> 0 | AJ99: Was on HOLD (vendor GA); released by equipment drawing release 24-Sep-26.
A100: CHP-GRD-060 | B100: 4 | C100: Chiller foundations F1-03 & F1-04 (Bays 3–4, 4–5) | D100: Grade slab & foundations | E100: Z2 | F100: Bay 3–4 / Row C–B; Bay 4–5 / Row C–B | G100: T.O.C EL ±0.000 | H100: Structural Foundations (Equipment) | I100: F1-03, F1-04 | J100: =COUNTIF('BIM Element Map'!$J$6:$J$1000,$A100) -> 2 | K100: CHP-GRD-060 | L100: Construct | M100: O24091-990-C-B-19531-008 | N100: JSW USL-CON-CHI-1020 | O100: 56 | P100: m³ | Q100: 18 | R100: CHP-GRD-050 | S100: SS | T100: 5 | U100: CHP-SUP-160 | V100: FS | W100: 0 | Y100: 46275 | Z100: 46288 | AC100: 0 | AD100: =IF($AB100<>"",0,IF($AA100="",$Q100,MAX(1,ROUND($Q100*(1-$AC100),0)))) -> 18 | AE100: =IF($AA100<>"",$AA100,MAX($X100,NextWD,IF($R100="",0,IF($S100="SS",INDEX(WorkDays,MATCH(INDEX($AE$6:$AE$156,MATCH($R100,$A$6:$A$156,0))-1,WorkDays,1)+1+$T100),INDEX(WorkDays,MATCH(INDEX($AF$6:$AF$156,MATCH($R100,$A$6:$A$156,0)),WorkDays,1)+IF($Q100=0,0,1)+$T100))),IF($U100="",0,IF($V100="SS",INDEX(WorkDays,MATCH(INDEX($AE$6:$AE$156,MATCH($U100,$A$6:$A$156,0))-1,WorkDays,1)+1+$W100),INDEX(WorkDays,MATCH(INDEX($AF$6:$AF$156,MATCH($U100,$A$6:$A$156,0)),WorkDays,1)+IF($Q100=0,0,1)+$W100))))) -> 46304 | AF100: =IF($AB100<>"",$AB100,IF($Q100=0,$AE100,INDEX(WorkDays,MATCH(MAX($AE100,NextWD)-1,WorkDays,1)+$AD100))) -> 46325 | AG100: =IF($AB100<>"","Completed",IF($AA100<>"","In Progress",IF(AND($Y100<>"",$Y100<=DataDate),"Not Started (Late)","Not Started"))) -> Not Started (Late) | AH100: =IF($Z100="","",MATCH($AF100,WorkDays,1)-MATCH($Z100,WorkDays,1)) -> 30 | AI100: =IF($O100="","",$O100*IF($AB100<>"",1,$AC100)) -> 0 | AJ100: Was on HOLD (vendor GA); released by equipment drawing release 24-Sep-26.
...

Sheet BIM Element Map
A1: BIM ELEMENT MAP – element → 4D activity link (Chiller Plant)
A2: Use: add two shared/text parameters in the model (4D_Element_ID, 4D_Activity_ID) and populate them from columns A and J (Dynamo / Excel link / Navisworks property append). Then in TimeLiner use Rules to attach by 4D_Activity_ID.
A3: Columns K–N are live look-ups from the 4D Schedule. Columns are split at construction joints (EL -0.300, +4.000, +9.150) – split model columns the same way, or attach a full-height column to its first lift only.
A5: Element ID (suggested 4D_Element_ID) | B5: BIM Category | C5: Element Type / Description | D5: Mark | E5: Grid / Location | F5: Zone | G5: Level / Elevation | H5: Size | I5: Drawing No. | J5: 4D Activity ID (4D_Activity_ID) | K5: Activity Name | L5: Current Start | M5: Current Finish | N5: Status | O5: Notes
A6: CHP-PILE-P01 | B6: Structural Foundations (Pile) | C6: Bored cast-in-situ pile, Type-I, M30 | D6: P1 | E6: 1/A | F6: Z1 | G6: Cut-off EL(-)2.425 ; L = 26 m | H6: 600 Ø | I6: O24091-990-C-B-19530-001 | J6: CHP-PIL-010 | K6: =INDEX('4D Schedule'!$C$6:$C$156,MATCH($J6,'4D Schedule'!$A$6:$A$156,0)) -> Piles Row A (P1–P7) | L6: =INDEX('4D Schedule'!$AE$6:$AE$156,MATCH($J6,'4D Schedule'!$A$6:$A$156,0)) -> 46008 | M6: =INDEX('4D Schedule'!$AF$6:$AF$156,MATCH($J6,'4D Schedule'!$A$6:$A$156,0)) -> 46011 | N6: =INDEX('4D Schedule'!$AG$6:$AG$156,MATCH($J6,'4D Schedule'!$A$6:$A$156,0)) -> Completed
A7: CHP-PILE-P02 | B7: Structural Foundations (Pile) | C7: Bored cast-in-situ pile, Type-I, M30 | D7: P2 | E7: 2/A | F7: Z1 | G7: Cut-off EL(-)2.425 ; L = 26 m | H7: 600 Ø | I7: O24091-990-C-B-19530-001 | J7: CHP-PIL-010 | K7: =INDEX('4D Schedule'!$C$6:$C$156,MATCH($J7,'4D Schedule'!$A$6:$A$156,0)) -> Piles Row A (P1–P7) | L7: =INDEX('4D Schedule'!$AE$6:$AE$156,MATCH($J7,'4D Schedule'!$A$6:$A$156,0)) -> 46008 | M7: =INDEX('4D Schedule'!$AF$6:$AF$156,MATCH($J7,'4D Schedule'!$A$6:$A$156,0)) -> 46011 | N7: =INDEX('4D Schedule'!$AG$6:$AG$156,MATCH($J7,'4D Schedule'!$A$6:$A$156,0)) -> Completed
A8: CHP-PILE-P03 | B8: Structural Foundations (Pile) | C8: Bored cast-in-situ pile, Type-I, M30 | D8: P3 | E8: 3/A | F8: Z1 | G8: Cut-off EL(-)2.425 ; L = 26 m | H8: 600 Ø | I8: O24091-990-C-B-19530-001 | J8: CHP-PIL-010 | K8: =INDEX('4D Schedule'!$C$6:$C$156,MATCH($J8,'4D Schedule'!$A$6:$A$156,0)) -> Piles Row A (P1–P7) | L8: =INDEX('4D Schedule'!$AE$6:$AE$156,MATCH($J8,'4D Schedule'!$A$6:$A$156,0)) -> 46008 | M8: =INDEX('4D Schedule'!$AF$6:$AF$156,MATCH($J8,'4D Schedule'!$A$6:$A$156,0)) -> 46011 | N8: =INDEX('4D Schedule'!$AG$6:$AG$156,MATCH($J8,'4D Schedule'!$A$6:$A$156,0)) -> Completed
A9: CHP-PILE-P04 | B9: Structural Foundations (Pile) | C9: Bored cast-in-situ pile, Type-I, M30 | D9: P4 | E9: 4/A | F9: Z2 | G9: Cut-off EL(-)2.425 ; L = 26 m | H9: 600 Ø | I9: O24091-990-C-B-19530-001 | J9: CHP-PIL-010 | K9: =INDEX('4D Schedule'!$C$6:$C$156,MATCH($J9,'4D Schedule'!$A$6:$A$156,0)) -> Piles Row A (P1–P7) | L9: =INDEX('4D Schedule'!$AE$6:$AE$156,MATCH($J9,'4D Schedule'!$A$6:$A$156,0)) -> 46008 | M9: =INDEX('4D Schedule'!$AF$6:$AF$156,MATCH($J9,'4D Schedule'!$A$6:$A$156,0)) -> 46011 | N9: =INDEX('4D Schedule'!$AG$6:$AG$156,MATCH($J9,'4D Schedule'!$A$6:$A$156,0)) -> Completed
A10: CHP-PILE-P05 | B10: Structural Foundations (Pile) | C10: Bored cast-in-situ pile, Type-I, M30 | D10: P5 | E10: 5/A | F10: Z2 | G10: Cut-off EL(-)2.425 ; L = 26 m | H10: 600 Ø | I10: O24091-990-C-B-19530-001 | J10: CHP-PIL-010 | K10: =INDEX('4D Schedule'!$C$6:$C$156,MATCH($J10,'4D Schedule'!$A$6:$A$156,0)) -> Piles Row A (P1–P7) | L10: =INDEX('4D Schedule'!$AE$6:$AE$156,MATCH($J10,'4D Schedule'!$A$6:$A$156,0)) -> 46008 | M10: =INDEX('4D Schedule'!$AF$6:$AF$156,MATCH($J10,'4D Schedule'!$A$6:$A$156,0)) -> 46011 | N10: =INDEX('4D Schedule'!$AG$6:$AG$156,MATCH($J10,'4D Schedule'!$A$6:$A$156,0)) -> Completed
A11: CHP-PILE-P06 | B11: Structural Foundations (Pile) | C11: Bored cast-in-situ pile, Type-I, M30 | D11: P6 | E11: 5/A | F11: Z2 | G11: Cut-off EL(-)2.425 ; L = 26 m | H11: 600 Ø | I11: O24091-990-C-B-19530-001 | J11: CHP-PIL-010 | K11: =INDEX('4D Schedule'!$C$6:$C$156,MATCH($J11,'4D Schedule'!$A$6:$A$156,0)) -> Piles Row A (P1–P7) | L11: =INDEX('4D Schedule'!$AE$6:$AE$156,MATCH($J11,'4D Schedule'!$A$6:$A$156,0)) -> 46008 | M11: =INDEX('4D Schedule'!$AF$6:$AF$156,MATCH($J11,'4D Schedule'!$A$6:$A$156,0)) -> 46011 | N11: =INDEX('4D Schedule'!$AG$6:$AG$156,MATCH($J11,'4D Schedule'!$A$6:$A$156,0)) -> Completed
A12: CHP-PILE-P07 | B12: Structural Foundations (Pile) | C12: Bored cast-in-situ pile, Type-I, M30 | D12: P7 | E12: 6/A | F12: Z3 | G12: Cut-off EL(-)2.425 ; L = 26 m | H12: 600 Ø | I12: O24091-990-C-B-19530-001 | J12: CHP-PIL-010 | K12: =INDEX('4D Schedule'!$C$6:$C$156,MATCH($J12,'4D Schedule'!$A$6:$A$156,0)) -> Piles Row A (P1–P7) | L12: =INDEX('4D Schedule'!$AE$6:$AE$156,MATCH($J12,'4D Schedule'!$A$6:$A$156,0)) -> 46008 | M12: =INDEX('4D Schedule'!$AF$6:$AF$156,MATCH($J12,'4D Schedule'!$A$6:$A$156,0)) -> 46011 | N12: =INDEX('4D Schedule'!$AG$6:$AG$156,MATCH($J12,'4D Schedule'!$A$6:$A$156,0)) -> Completed
A13: CHP-PILE-P08 | B13: Structural Foundations (Pile) | C13: Bored cast-in-situ pile, Type-I, M30 | D13: P8 | E13: 1/B | F13: Z1 | G13: Cut-off EL(-)2.425 ; L = 26 m | H13: 600 Ø | I13: O24091-990-C-B-19530-001 | J13: CHP-PIL-020 | K13: =INDEX('4D Schedule'!$C$6:$C$156,MATCH($J13,'4D Schedule'!$A$6:$A$156,0)) -> Piles Row B (P8–P16) | L13: =INDEX('4D Schedule'!$AE$6:$AE$156,MATCH($J13,'4D Schedule'!$A$6:$A$156,0)) -> 46013 | M13: =INDEX('4D Schedule'!$AF$6:$AF$156,MATCH($J13,'4D Schedule'!$A$6:$A$156,0)) -> 46018 | N13: =INDEX('4D Schedule'!$AG$6:$AG$156,MATCH($J13,'4D Schedule'!$A$6:$A$156,0)) -> Completed
A14: CHP-PILE-P09 | B14: Structural Foundations (Pile) | C14: Bored cast-in-situ pile, Type-I, M30 | D14: P9 | E14: 1/B | F14: Z1 | G14: Cut-off EL(-)2.425 ; L = 26 m | H14: 600 Ø | I14: O24091-990-C-B-19530-001 | J14: CHP-PIL-020 | K14: =INDEX('4D Schedule'!$C$6:$C$156,MATCH($J14,'4D Schedule'!$A$6:$A$156,0)) -> Piles Row B (P8–P16) | L14: =INDEX('4D Schedule'!$AE$6:$AE$156,MATCH($J14,'4D Schedule'!$A$6:$A$156,0)) -> 46013 | M14: =INDEX('4D Schedule'!$AF$6:$AF$156,MATCH($J14,'4D Schedule'!$A$6:$A$156,0)) -> 46018 | N14: =INDEX('4D Schedule'!$AG$6:$AG$156,MATCH($J14,'4D Schedule'!$A$6:$A$156,0)) -> Completed
A15: CHP-PILE-P10 | B15: Structural Foundations (Pile) | C15: Bored cast-in-situ pile, Type-I, M30 | D15: P10 | E15: 2/B | F15: Z1 | G15: Cut-off EL(-)2.425 ; L = 26 m | H15: 600 Ø | I15: O24091-990-C-B-19530-001 | J15: CHP-PIL-020 | K15: =INDEX('4D Schedule'!$C$6:$C$156,MATCH($J15,'4D Schedule'!$A$6:$A$156,0)) -> Piles Row B (P8–P16) | L15: =INDEX('4D Schedule'!$AE$6:$AE$156,MATCH($J15,'4D Schedule'!$A$6:$A$156,0)) -> 46013 | M15: =INDEX('4D Schedule'!$AF$6:$AF$156,MATCH($J15,'4D Schedule'!$A$6:$A$156,0)) -> 46018 | N15: =INDEX('4D Schedule'!$AG$6:$AG$156,MATCH($J15,'4D Schedule'!$A$6:$A$156,0)) -> Completed
A16: CHP-PILE-P11 | B16: Structural Foundations (Pile) | C16: Bored cast-in-situ pile, Type-I, M30 | D16: P11 | E16: 3/B | F16: Z1 | G16: Cut-off EL(-)2.425 ; L = 26 m | H16: 600 Ø | I16: O24091-990-C-B-19530-001 | J16: CHP-PIL-020 | K16: =INDEX('4D Schedule'!$C$6:$C$156,MATCH($J16,'4D Schedule'!$A$6:$A$156,0)) -> Piles Row B (P8–P16) | L16: =INDEX('4D Schedule'!$AE$6:$AE$156,MATCH($J16,'4D Schedule'!$A$6:$A$156,0)) -> 46013 | M16: =INDEX('4D Schedule'!$AF$6:$AF$156,MATCH($J16,'4D Schedule'!$A$6:$A$156,0)) -> 46018 | N16: =INDEX('4D Schedule'!$AG$6:$AG$156,MATCH($J16,'4D Schedule'!$A$6:$A$156,0)) -> Completed
A17: CHP-PILE-P12 | B17: Structural Foundations (Pile) | C17: Bored cast-in-situ pile, Type-I, M30 | D17: P12 | E17: 4/B | F17: Z2 | G17: Cut-off EL(-)2.425 ; L = 26 m | H17: 600 Ø | I17: O24091-990-C-B-19530-001 | J17: CHP-PIL-020 | K17: =INDEX('4D Schedule'!$C$6:$C$156,MATCH($J17,'4D Schedule'!$A$6:$A$156,0)) -> Piles Row B (P8–P16) | L17: =INDEX('4D Schedule'!$AE$6:$AE$156,MATCH($J17,'4D Schedule'!$A$6:$A$156,0)) -> 46013 | M17: =INDEX('4D Schedule'!$AF$6:$AF$156,MATCH($J17,'4D Schedule'!$A$6:$A$156,0)) -> 46018 | N17: =INDEX('4D Schedule'!$AG$6:$AG$156,MATCH($J17,'4D Schedule'!$A$6:$A$156,0)) -> Completed
... A58: CHP-PILE-P53 | B58: Structural Foundations (Pile) | C58: Bored cast-in-situ pile, Type-I, M30 | D58: P53 | E58: 6/E | F58: Z3 | G58: Cut-off EL(-)2.425 ; L = 26 m | H58: 600 Ø | I58: O24091-990-C-B-19530-001 | J58: CHP-PIL-060 | K58: =INDEX('4D Schedule'!$C$6:$C$156,MATCH($J58,'4D Schedule'!$A$6:$A$156,0)) -> Piles Row E (P42–P53) | L58: =INDEX('4D Schedule'!$AE$6:$AE$156,MATCH($J58,'4D Schedule'!$A$6:$A$156,0)) -> 46036 | M58: =INDEX('4D Schedule'!$AF$6:$AF$156,MATCH($J58,'4D Schedule'!$A$6:$A$156,0)) -> 46041 | N58: =INDEX('4D Schedule'!$AG$6:$AG$156,MATCH($J58,'4D Schedule'!$A$6:$A$156,0)) -> Completed
A59: CHP-GRP-EXC-010 | B59: Excavation solid / Topography (if modelled) | C59: Excavation, pile chipping & PCC prep – Zone-1 (Grid 1–3) | D59: — | E59: Grid 1–3 : Row E–A | F59: Z1 | G59: FGL EL(-)0.500 to EL(-)2.575 (incl. PCC) | J59: CHP-EXC-010 | K59: =INDEX('4D Schedule'!$C$6:$C$156,MATCH($J59,'4D Schedule'!$A$6:$A$156,0)) -> Excavation, pile chipping & PCC prep – Zone-1 (Grid 1–3) | L59: =INDEX('4D Schedule'!$AE$6:$AE$156,MATCH($J59,'4D Schedule'!$A$6:$A$156,0)) -> 46071 | M59: =INDEX('4D Schedule'!$AF$6:$AF$156,MATCH($J59,'4D Schedule'!$A$6:$A$156,0)) -> 46088 | N59: =INDEX('4D Schedule'!$AG$6:$AG$156,MATCH($J59,'4D Schedule'!$A$6:$A$156,0)) -> Completed | O59: Group element – attach all model objects of this scope (if modelled)
A60: CHP-GRP-EXC-020 | B60: Excavation solid / Topography (if modelled) | C60: Excavation, pile chipping & PCC prep – Zone-2 (Grid 3–5) | D60: — | E60: Grid 3–5 : Row E–A | F60: Z2 | G60: FGL EL(-)0.500 to EL(-)2.575 (incl. PCC) | J60: CHP-EXC-020 | K60: =INDEX('4D Schedule'!$C$6:$C$156,MATCH($J60,'4D Schedule'!$A$6:$A$156,0)) -> Excavation, pile chipping & PCC prep – Zone-2 (Grid 3–5) | L60: =INDEX('4D Schedule'!$AE$6:$AE$156,MATCH($J60,'4D Schedule'!$A$6:$A$156,0)) -> 46086 | M60: =INDEX('4D Schedule'!$AF$6:$AF$156,MATCH($J60,'4D Schedule'!$A$6:$A$156,0)) -> 46099 | N60: =INDEX('4D Schedule'!$AG$6:$AG$156,MATCH($J60,'4D Schedule'!$A$6:$A$156,0)) -> Completed | O60: Group element – attach all model objects of this scope (if modelled)
A61: CHP-GRP-EXC-030 | B61: Excavation solid / Topography (if modelled) | C61: Excavation, pile chipping & PCC prep – Zone-3 (Grid 5–6) | D61: — | E61: Grid 5–6 : Row E–A | F61: Z3 | G61: FGL EL(-)0.500 to EL(-)2.575 (incl. PCC) | J61: CHP-EXC-030 | K61: =INDEX('4D Schedule'!$C$6:$C$156,MATCH($J61,'4D Schedule'!$A$6:$A$156,0)) -> Excavation, pile chipping & PCC prep – Zone-3 (Grid 5–6) | L61: =INDEX('4D Schedule'!$AE$6:$AE$156,MATCH($J61,'4D Schedule'!$A$6:$A$156,0)) -> 46097 | M61: =INDEX('4D Schedule'!$AF$6:$AF$156,MATCH($J61,'4D Schedule'!$A$6:$A$156,0)) -> 46111 | N61: =INDEX('4D Schedule'!$AG$6:$AG$156,MATCH($J61,'4D Schedule'!$A$6:$A$156,0)) -> Completed | O61: Group element – attach all model objects of this scope (if modelled)
A62: CHP-PC-1-A | B62: Structural Foundations (Pile Cap) | C62: Pile cap PC1 – single pile | D62: PC1 | E62: 1/A | F62: Z1 | G62: B.O.C EL(-)2.500 (75 PCC M7.5 below) | H62: 900×900×1000 (ref. dwg) | I62: O24091-990-C-B-19531-001 | J62: CHP-SUB-010 | K62: =INDEX('4D Schedule'!$C$6:$C$156,MATCH($J62,'4D Schedule'!$A$6:$A$156,0)) -> PCC (M7.5) & pile caps – Zone-1 (17 nos: PC1 ×9, PC2 ×8) | L62: =INDEX('4D Schedule'!$AE$6:$AE$156,MATCH($J62,'4D Schedule'!$A$6:$A$156,0)) -> 46089 | M62: =INDEX('4D Schedule'!$AF$6:$AF$156,MATCH($J62,'4D Schedule'!$A$6:$A$156,0)) -> 46106 | N62: =INDEX('4D Schedule'!$AG$6:$AG$156,MATCH($J62,'4D Schedule'!$A$6:$A$156,0)) -> Completed
A63: CHP-PC-1-B | B63: Structural Foundations (Pile Cap) | C63: Pile cap PC2 – 2-pile, 45° rotated | D63: PC2 | E63: 1/B | F63: Z1 | G63: B.O.C EL(-)2.500 (75 PCC M7.5 below) | H63: 2700×900×1000 (ref. dwg) | I63: O24091-990-C-B-19531-001 | J63: CHP-SUB-010 | K63: =INDEX('4D Schedule'!$C$6:$C$156,MATCH($J63,'4D Schedule'!$A$6:$A$156,0)) -> PCC (M7.5) & pile caps – Zone-1 (17 nos: PC1 ×9, PC2 ×8) | L63: =INDEX('4D Schedule'!$AE$6:$AE$156,MATCH($J63,'4D Schedule'!$A$6:$A$156,0)) -> 46089 | M63: =INDEX('4D Schedule'!$AF$6:$AF$156,MATCH($J63,'4D Schedule'!$A$6:$A$156,0)) -> 46106 | N63: =INDEX('4D Schedule'!$AG$6:$AG$156,MATCH($J63,'4D Schedule'!$A$6:$A$156,0)) -> Completed
A64: CHP-PC-1-C | B64: Structural Foundations (Pile Cap) | C64: Pile cap PC1 – single pile | D64: PC1 | E64: 1/C | F64: Z1 | G64: B.O.C EL(-)2.500 (75 PCC M7.5 below) | H64: 900×900×1000 (ref. dwg) | I64: O24091-990-C-B-19531-001 | J64: CHP-SUB-010 | K64: =INDEX('4D Schedule'!$C$6:$C$156,MATCH($J64,'4D Schedule'!$A$6:$A$156,0)) -> PCC (M7.5) & pile caps – Zone-1 (17 nos: PC1 ×9, PC2 ×8) | L64: =INDEX('4D Schedule'!$AE$6:$AE$156,MATCH($J64,'4D Schedule'!$A$6:$A$156,0)) -> 46089 | M64: =INDEX('4D Schedule'!$AF$6:$AF$156,MATCH($J64,'4D Schedule'!$A$6:$A$156,0)) -> 46106 | N64: =INDEX('4D Schedule'!$AG$6:$AG$156,MATCH($J64,'4D Schedule'!$A$6:$A$156,0)) -> Completed
A65: CHP-PC-1-D | B65: Structural Foundations (Pile Cap) | C65: Pile cap PC2 – 2-pile, 45° rotated | D65: PC2 | E65: 1/D | F65: Z1 | G65: B.O.C EL(-)2.500 (75 PCC M7.5 below) | H65: 2700×900×1000 (ref. dwg) | I65: O24091-990-C-B-19531-001 | J65: CHP-SUB-010 | K65: =INDEX('4D Schedule'!$C$6:$C$156,MATCH($J65,'4D Schedule'!$A$6:$A$156,0)) -> PCC (M7.5) & pile caps – Zone-1 (17 nos: PC1 ×9, PC2 ×8) | L65: =INDEX('4D Schedule'!$AE$6:$AE$156,MATCH($J65,'4D Schedule'!$A$6:$A$156,0)) -> 46089 | M65: =INDEX('4D Schedule'!$AF$6:$AF$156,MATCH($J65,'4D Schedule'!$A$6:$A$156,0)) -> 46106 | N65: =INDEX('4D Schedule'!$AG$6:$AG$156,MATCH($J65,'4D Schedule'!$A$6:$A$156,0)) -> Completed
A66: CHP-PC-1-D.2 | B66: Structural Foundations (Pile Cap) | C66: Pile cap PC2 – 2-pile, 45° rotated | D66: PC2 | E66: 1/D.2 | F66: Z1 | G66: B.O.C EL(-)2.500 (75 PCC M7.5 below) | H66: 2700×900×1000 (ref. dwg) | I66: O24091-990-C-B-19531-001 | J66: CHP-SUB-010 | K66: =INDEX('4D Schedule'!$C$6:$C$156,MATCH($J66,'4D Schedule'!$A$6:$A$156,0)) -> PCC (M7.5) & pile caps – Zone-1 (17 nos: PC1 ×9, PC2 ×8) | L66: =INDEX('4D Schedule'!$AE$6:$AE$156,MATCH($J66,'4D Schedule'!$A$6:$A$156,0)) -> 46089 | M66: =INDEX('4D Schedule'!$AF$6:$AF$156,MATCH($J66,'4D Schedule'!$A$6:$A$156,0)) -> 46106 | N66: =INDEX('4D Schedule'!$AG$6:$AG$156,MATCH($J66,'4D Schedule'!$A$6:$A$156,0)) -> Completed
A67: CHP-PC-1-E | B67: Structural Foundations (Pile Cap) | C67: Pile cap PC1 – single pile | D67: PC1 | E67: 1/E | F67: Z1 | G67: B.O.C EL(-)2.500 (75 PCC M7.5 below) | H67: 900×900×1000 (ref. dwg) | I67: O24091-990-C-B-19531-001 | J67: CHP-SUB-010 | K67: =INDEX('4D Schedule'!$C$6:$C$156,MATCH($J67,'4D Schedule'!$A$6:$A$156,0)) -> PCC (M7.5) & pile caps – Zone-1 (17 nos: PC1 ×9, PC2 ×8) | L67: =INDEX('4D Schedule'!$AE$6:$AE$156,MATCH($J67,'4D Schedule'!$A$6:$A$156,0)) -> 46089 | M67: =INDEX('4D Schedule'!$AF$6:$AF$156,MATCH($J67,'4D Schedule'!$A$6:$A$156,0)) -> 46106 | N67: =INDEX('4D Schedule'!$AG$6:$AG$156,MATCH($J67,'4D Schedule'!$A$6:$A$156,0)) -> Completed
A68: CHP-PC-2-A | B68: Structural Foundations (Pile Cap) | C68: Pile cap PC1 – single pile | D68: PC1 | E68: 2/A | F68: Z1 | G68: B.O.C EL(-)2.500 (75 PCC M7.5 below) | H68: 900×900×1000 (ref. dwg) | I68: O24091-990-C-B-19531-001 | J68: CHP-SUB-010 | K68: =INDEX('4D Schedule'!$C$6:$C$156,MATCH($J68,'4D Schedule'!$A$6:$A$156,0)) -> PCC (M7.5) & pile caps – Zone-1 (17 nos: PC1 ×9, PC2 ×8) | L68: =INDEX('4D Schedule'!$AE$6:$AE$156,MATCH($J68,'4D Schedule'!$A$6:$A$156,0)) -> 46089 | M68: =INDEX('4D Schedule'!$AF$6:$AF$156,MATCH($J68,'4D Schedule'!$A$6:$A$156,0)) -> 46106 | N68: =INDEX('4D Schedule'!$AG$6:$AG$156,MATCH($J68,'4D Schedule'!$A$6:$A$156,0)) -> Completed
A69: CHP-PC-2-B | B69: Structural Foundations (Pile Cap) | C69: Pile cap PC1 – single pile | D69: PC1 | E69: 2/B | F69: Z1 | G69: B.O.C EL(-)2.500 (75 PCC M7.5 below) | H69: 900×900×1000 (ref. dwg) | I69: O24091-990-C-B-19531-001 | J69: CHP-SUB-010 | K69: =INDEX('4D Schedule'!$C$6:$C$156,MATCH($J69,'4D Schedule'!$A$6:$A$156,0)) -> PCC (M7.5) & pile caps – Zone-1 (17 nos: PC1 ×9, PC2 ×8) | L69: =INDEX('4D Schedule'!$AE$6:$AE$156,MATCH($J69,'4D Schedule'!$A$6:$A$156,0)) -> 46089 | M69: =INDEX('4D Schedule'!$AF$6:$AF$156,MATCH($J69,'4D Schedule'!$A$6:$A$156,0)) -> 46106 | N69: =INDEX('4D Schedule'!$AG$6:$AG$156,MATCH($J69,'4D Schedule'!$A$6:$A$156,0)) -> Completed
A70: CHP-PC-2-C | B70: Structural Foundations (Pile Cap) | C70: Pile cap PC1 – single pile | D70: PC1 | E70: 2/C | F70: Z1 | G70: B.O.C EL(-)2.500 (75 PCC M7.5 below) | H70: 900×900×1000 (ref. dwg) | I70: O24091-990-C-B-19531-001 | J70: CHP-SUB-010 | K70: =INDEX('4D Schedule'!$C$6:$C$156,MATCH($J70,'4D Schedule'!$A$6:$A$156,0)) -> PCC (M7.5) & pile caps – Zone-1 (17 nos: PC1 ×9, PC2 ×8) | L70: =INDEX('4D Schedule'!$AE$6:$AE$156,MATCH($J70,'4D Schedule'!$A$6:$A$156,0)) -> 46089 | M70: =INDEX('4D Schedule'!$AF$6:$AF$156,MATCH($J70,'4D Schedule'!$A$6:$A$156,0)) -> 46106 | N70: =INDEX('4D Schedule'!$AG$6:$AG$156,MATCH($J70,'4D Schedule'!$A$6:$A$156,0)) -> Completed
A71: CHP-PC-2-D | B71: Structural Foundations (Pile Cap) | C71: Pile cap PC2 – 2-pile, 45° rotated | D71: PC2 | E71: 2/D | F71: Z1 | G71: B.O.C EL(-)2.500 (75 PCC M7.5 below) | H71: 2700×900×1000 (ref. dwg) | I71: O24091-990-C-B-19531-001 | J71: CHP-SUB-010 | K71: =INDEX('4D Schedule'!$C$6:$C$156,MATCH($J71,'4D Schedule'!$A$6:$A$156,0)) -> PCC (M7.5) & pile caps – Zone-1 (17 nos: PC1 ×9, PC2 ×8) | L71: =INDEX('4D Schedule'!$AE$6:$AE$156,MATCH($J71,'4D Schedule'!$A$6:$A$156,0)) -> 46089 | M71: =INDEX('4D Schedule'!$AF$6:$AF$156,MATCH($J71,'4D Schedule'!$A$6:$A$156,0)) -> 46106 | N71: =INDEX('4D Schedule'!$AG$6:$AG$156,MATCH($J71,'4D Schedule'!$A$6:$A$156,0)) -> Completed
A72: CHP-PC-2-D.2 | B72: Structural Foundations (Pile Cap) | C72: Pile cap PC2 – 2-pile, 45° rotated | D72: PC2 | E72: 2/D.2 | F72: Z1 | G72: B.O.C EL(-)2.500 (75 PCC M7.5 below) | H72: 2700×900×1000 (ref. dwg) | I72: O24091-990-C-B-19531-001 | J72: CHP-SUB-010 | K72: =INDEX('4D Schedule'!$C$6:$C$156,MATCH($J72,'4D Schedule'!$A$6:$A$156,0)) -> PCC (M7.5) & pile caps – Zone-1 (17 nos: PC1 ×9, PC2 ×8) | L72: =INDEX('4D Schedule'!$AE$6:$AE$156,MATCH($J72,'4D Schedule'!$A$6:$A$156,0)) -> 46089 | M72: =INDEX('4D Schedule'!$AF$6:$AF$156,MATCH($J72,'4D Schedule'!$A$6:$A$156,0)) -> 46106 | N72: =INDEX('4D Schedule'!$AG$6:$AG$156,MATCH($J72,'4D Schedule'!$A$6:$A$156,0)) -> Completed
A73: CHP-PC-2-E | B73: Structural Foundations (Pile Cap) | C73: Pile cap PC2 – 2-pile, 45° rotated | D73: PC2 | E73: 2/E | F73: Z1 | G73: B.O.C EL(-)2.500 (75 PCC M7.5 below) | H73: 2700×900×1000 (ref. dwg) | I73: O24091-990-C-B-19531-001 | J73: CHP-SUB-010 | K73: =INDEX('4D Schedule'!$C$6:$C$156,MATCH($J73,'4D Schedule'!$A$6:$A$156,0)) -> PCC (M7.5) & pile caps – Zone-1 (17 nos: PC1 ×9, PC2 ×8) | L73: =INDEX('4D Schedule'!$AE$6:$AE$156,MATCH($J73,'4D Schedule'!$A$6:$A$156,0)) -> 46089 | M73: =INDEX('4D Schedule'!$AF$6:$AF$156,MATCH($J73,'4D Schedule'!$A$6:$A$156,0)) -> 46106 | N73: =INDEX('4D Schedule'!$AG$6:$AG$156,MATCH($J73,'4D Schedule'!$A$6:$A$156,0)) -> Completed
... A96: CHP-PC-6-E | B96: Structural Foundations (Pile Cap) | C96: Pile cap PC1 – single pile | D96: PC1 | E96: 6/E | F96: Z3 | G96: B.O.C EL(-)2.500 (75 PCC M7.5 below) | H96: 900×900×1000 (ref. dwg) | I96: O24091-990-C-B-19531-001 | J96: CHP-SUB-030 | K96: =INDEX('4D Schedule'!$C$6:$C$156,MATCH($J96,'4D Schedule'!$A$6:$A$156,0)) -> PCC (M7.5) & pile caps – Zone-3 (8 nos: PC1 ×4, PC2 ×4) | L96: =INDEX('4D Schedule'!$AE$6:$AE$156,MATCH($J96,'4D Schedule'!$A$6:$A$156,0)) -> 46112 | M96: =INDEX('4D Schedule'!$AF$6:$AF$156,MATCH($J96,'4D Schedule'!$A$6:$A$156,0)) -> 46120 | N96: =INDEX('4D Schedule'!$AG$6:$AG$156,MATCH($J96,'4D Schedule'!$A$6:$A$156,0)) -> Completed
A97: CHP-COL-1-A-L0 | B97: Structural Columns | C97: RCC column C6 – pedestal | D97: C6 | E97: 1/A | F97: Z1 | G97: EL(-)2.500 to EL(-)0.300 | H97: 500x600 | I97: O24091-990-C-B-19531-001 | J97: CHP-SUB-040 | K97: =INDEX('4D Schedule'!$C$6:$C$156,MATCH($J97,'4D Schedule'!$A$6:$A$156,0)) -> Pile cap beams PCB1/PCB2/PCB3 & column pedestals (B.O.C -2.500 to -0.300) – Zone-1 | L97: =INDEX('4D Schedule'!$AE$6:$AE$156,MATCH($J97,'4D Schedule'!$A$6:$A$156,0)) -> 46107 | M97: =INDEX('4D Schedule'!$AF$6:$AF$156,MATCH($J97,'4D Schedule'!$A$6:$A$156,0)) -> 46123 | N97: =INDEX('4D Schedule'!$AG$6:$AG$156,MATCH($J97,'4D Schedule'!$A$6:$A$156,0)) -> Completed | O97: Split model column at EL(-)0.300 (construction joint)
A98: CHP-COL-1-B-L0 | B98: Structural Columns | C98: RCC column C3 – pedestal | D98: C3 | E98: 1/B | F98: Z1 | G98: EL(-)2.500 to EL(-)0.300 | H98: 500x600 | I98: O24091-990-C-B-19531-001 | J98: CHP-SUB-040 | K98: =INDEX('4D Schedule'!$C$6:$C$156,MATCH($J98,'4D Schedule'!$A$6:$A$156,0)) -> Pile cap beams PCB1/PCB2/PCB3 & column pedestals (B.O.C -2.500 to -0.300) – Zone-1 | L98: =INDEX('4D Schedule'!$AE$6:$AE$156,MATCH($J98,'4D Schedule'!$A$6:$A$156,0)) -> 46107 | M98: =INDEX('4D Schedule'!$AF$6:$AF$156,MATCH($J98,'4D Schedule'!$A$6:$A$156,0)) -> 46123 | N98: =INDEX('4D Schedule'!$AG$6:$AG$156,MATCH($J98,'4D Schedule'!$A$6:$A$156,0)) -> Completed | O98: Split model column at EL(-)0.300 (construction joint)
A99: CHP-COL-1-C-L0 | B99: Structural Columns | C99: RCC column C6 – pedestal | D99: C6 | E99: 1/C | F99: Z1 | G99: EL(-)2.500 to EL(-)0.300 | H99: 500x600 | I99: O24091-990-C-B-19531-001 | J99: CHP-SUB-040 | K99: =INDEX('4D Schedule'!$C$6:$C$156,MATCH($J99,'4D Schedule'!$A$6:$A$156,0)) -> Pile cap beams PCB1/PCB2/PCB3 & column pedestals (B.O.C -2.500 to -0.300) – Zone-1 | L99: =INDEX('4D Schedule'!$AE$6:$AE$156,MATCH($J99,'4D Schedule'!$A$6:$A$156,0)) -> 46107 | M99: =INDEX('4D Schedule'!$AF$6:$AF$156,MATCH($J99,'4D Schedule'!$A$6:$A$156,0)) -> 46123 | N99: =INDEX('4D Schedule'!$AG$6:$AG$156,MATCH($J99,'4D Schedule'!$A$6:$A$156,0)) -> Completed | O99: Split model column at EL(-)0.300 (construction joint)
A100: CHP-COL-1-D-L0 | B100: Structural Columns | C100: RCC column C7 – pedestal | D100: C7 | E100: 1/D | F100: Z1 | G100: EL(-)2.500 to EL(-)0.300 | H100: 400x600 | I100: O24091-990-C-B-19531-001 | J100: CHP-SUB-040 | K100: =INDEX('4D Schedule'!$C$6:$C$156,MATCH($J100,'4D Schedule'!$A$6:$A$156,0)) -> Pile cap beams PCB1/PCB2/PCB3 & column pedestals (B.O.C -2.500 to -0.300) – Zone-1 | L100: =INDEX('4D Schedule'!$AE$6:$AE$156,MATCH($J100,'4D Schedule'!$A$6:$A$156,0)) -> 46107 | M100: =INDEX('4D Schedule'!$AF$6:$AF$156,MATCH($J100,'4D Schedule'!$A$6:$A$156,0)) -> 46123 | N100: =INDEX('4D Schedule'!$AG$6:$AG$156,MATCH($J100,'4D Schedule'!$A$6:$A$156,0)) -> Completed | O100: Split model column at EL(-)0.300 (construction joint)
A101: CHP-COL-1-D.2-L0 | B101: Structural Columns | C101: RCC column C1 – pedestal | D101: C1 | E101: 1/D.2 | F101: Z1 | G101: EL(-)2.500 to EL(-)0.300 | H101: 400x600 | I101: O24091-990-C-B-19531-001 | J101: CHP-SUB-040 | K101: =INDEX('4D Schedule'!$C$6:$C$156,MATCH($J101,'4D Schedule'!$A$6:$A$156,0)) -> Pile cap beams PCB1/PCB2/PCB3 & column pedestals (B.O.C -2.500 to -0.300) – Zone-1 | L101: =INDEX('4D Schedule'!$AE$6:$AE$156,MATCH($J101,'4D Schedule'!$A$6:$A$156,0)) -> 46107 | M101: =INDEX('4D Schedule'!$AF$6:$AF$156,MATCH($J101,'4D Schedule'!$A$6:$A$156,0)) -> 46123 | N101: =INDEX('4D Schedule'!$AG$6:$AG$156,MATCH($J101,'4D Schedule'!$A$6:$A$156,0)) -> Completed | O101: Split model column at EL(-)0.300 (construction joint)
A102: CHP-COL-1-E-L0 | B102: Structural Columns | C102: RCC column C1 – pedestal | D102: C1 | E102: 1/E | F102: Z1 | G102: EL(-)2.500 to EL(-)0.300 | H102: 400x600 | I102: O24091-990-C-B-19531-001 | J102: CHP-SUB-040 | K102: =INDEX('4D Schedule'!$C$6:$C$156,MATCH($J102,'4D Schedule'!$A$6:$A$156,0)) -> Pile cap beams PCB1/PCB2/PCB3 & column pedestals (B.O.C -2.500 to -0.300) – Zone-1 | L102: =INDEX('4D Schedule'!$AE$6:$AE$156,MATCH($J102,'4D Schedule'!$A$6:$A$156,0)) -> 46107 | M102: =INDEX('4D Schedule'!$AF$6:$AF$156,MATCH($J102,'4D Schedule'!$A$6:$A$156,0)) -> 46123 | N102: =INDEX('4D Schedule'!$AG$6:$AG$156,MATCH($J102,'4D Schedule'!$A$6:$A$156,0)) -> Completed | O102: Split model column at EL(-)0.300 (construction joint)
A103: CHP-COL-1-SC-L0 | B103: Structural Columns | C103: RCC column SC1 – pedestal | D103: SC1 | E103: 1 / 2400 S of Row B (on PCB3) | F103: Z1 | G103: Top of PCB3 to EL(-)0.300 | H103: 500x600 | I103: O24091-990-C-B-19531-001 | J103: CHP-SUB-040 | K103: =INDEX('4D Schedule'!$C$6:$C$156,MATCH($J103,'4D Schedule'!$A$6:$A$156,0)) -> Pile cap beams PCB1/PCB2/PCB3 & column pedestals (B.O.C -2.500 to -0.300) – Zone-1 | L103: =INDEX('4D Schedule'!$AE$6:$AE$156,MATCH($J103,'4D Schedule'!$A$6:$A$156,0)) -> 46107 | M103: =INDEX('4D Schedule'!$AF$6:$AF$156,MATCH($J103,'4D Schedule'!$A$6:$A$156,0)) -> 46123 | N103: =INDEX('4D Schedule'!$AG$6:$AG$156,MATCH($J103,'4D Schedule'!$A$6:$A$156,0)) -> Completed | O103: Split model column at EL(-)0.300 (construction joint)
A104: CHP-COL-2-A-L0 | B104: Structural Columns | C104: RCC column C4 – pedestal | D104: C4 | E104: 2/A | F104: Z1 | G104: EL(-)2.500 to EL(-)0.300 | H104: 400x600 | I104: O24091-990-C-B-19531-001 | J104: CHP-SUB-040 | K104: =INDEX('4D Schedule'!$C$6:$C$156,MATCH($J104,'4D Schedule'!$A$6:$A$156,0)) -> Pile cap beams PCB1/PCB2/PCB3 & column pedestals (B.O.C -2.500 to -0.300) – Zone-1 | L104: =INDEX('4D Schedule'!$AE$6:$AE$156,MATCH($J104,'4D Schedule'!$A$6:$A$156,0)) -> 46107 | M104: =INDEX('4D Schedule'!$AF$6:$AF$156,MATCH($J104,'4D Schedule'!$A$6:$A$156,0)) -> 46123 | N104: =INDEX('4D Schedule'!$AG$6:$AG$156,MATCH($J104,'4D Schedule'!$A$6:$A$156,0)) -> Completed | O104: Split model column at EL(-)0.300 (construction joint)
A105: CHP-COL-2-B-L0 | B105: Structural Columns | C105: RCC column C4 – pedestal | D105: C4 | E105: 2/B | F105: Z1 | G105: EL(-)2.500 to EL(-)0.300 | H105: 400x600 | I105: O24091-990-C-B-19531-001 | J105: CHP-SUB-040 | K105: =INDEX('4D Schedule'!$C$6:$C$156,MATCH($J105,'4D Schedule'!$A$6:$A$156,0)) -> Pile cap beams PCB1/PCB2/PCB3 & column pedestals (B.O.C -2.500 to -0.300) – Zone-1 | L105: =INDEX('4D Schedule'!$AE$6:$AE$156,MATCH($J105,'4D Schedule'!$A$6:$A$156,0)) -> 46107 | M105: =INDEX('4D Schedule'!$AF$6:$AF$156,MATCH($J105,'4D Schedule'!$A$6:$A$156,0)) -> 46123 | N105: =INDEX('4D Schedule'!$AG$6:$AG$156,MATCH($J105,'4D Schedule'!$A$6:$A$156,0)) -> Completed | O105: Split model column at EL(-)0.300 (construction joint)
A106: CHP-COL-2-C-L0 | B106: Structural Columns | C106: RCC column C4 – pedestal | D106: C4 | E106: 2/C | F106: Z1 | G106: EL(-)2.500 to EL(-)0.300 | H106: 400x600 | I106: O24091-990-C-B-19531-001 | J106: CHP-SUB-040 | K106: =INDEX('4D Schedule'!$C$6:$C$156,MATCH($J106,'4D Schedule'!$A$6:$A$156,0)) -> Pile cap beams PCB1/PCB2/PCB3 & column pedestals (B.O.C -2.500 to -0.300) – Zone-1 | L106: =INDEX('4D Schedule'!$AE$6:$AE$156,MATCH($J106,'4D Schedule'!$A$6:$A$156,0)) -> 46107 | M106: =INDEX('4D Schedule'!$AF$6:$AF$156,MATCH($J106,'4D Schedule'!$A$6:$A$156,0)) -> 46123 | N106: =INDEX('4D Schedule'!$AG$6:$AG$156,MATCH($J106,'4D Schedule'!$A$6:$A$156,0)) -> Completed | O106: Split model column at EL(-)0.300 (construction joint)
A107: CHP-COL-2-D-L0 | B107: Structural Columns | C107: RCC column C7 – pedestal | D107: C7 | E107: 2/D | F107: Z1 | G107: EL(-)2.500 to EL(-)0.300 | H107: 400x600 | I107: O24091-990-C-B-19531-001 | J107: CHP-SUB-040 | K107: =INDEX('4D Schedule'!$C$6:$C$156,MATCH($J107,'4D Schedule'!$A$6:$A$156,0)) -> Pile cap beams PCB1/PCB2/PCB3 & column pedestals (B.O.C -2.500 to -0.300) – Zone-1 | L107: =INDEX('4D Schedule'!$AE$6:$AE$156,MATCH($J107,'4D Schedule'!$A$6:$A$156,0)) -> 46107 | M107: =INDEX('4D Schedule'!$AF$6:$AF$156,MATCH($J107,'4D Schedule'!$A$6:$A$156,0)) -> 46123 | N107: =INDEX('4D Schedule'!$AG$6:$AG$156,MATCH($J107,'4D Schedule'!$A$6:$A$156,0)) -> Completed | O107: Split model column at EL(-)0.300 (construction joint)
A108: CHP-COL-2-D.2-L0 | B108: Structural Columns | C108: RCC column C1 – pedestal | D108: C1 | E108: 2/D.2 | F108: Z1 | G108: EL(-)2.500 to EL(-)0.300 | H108: 400x600 | I108: O24091-990-C-B-19531-001 | J108: CHP-SUB-040 | K108: =INDEX('4D Schedule'!$C$6:$C$156,MATCH($J108,'4D Schedule'!$A$6:$A$156,0)) -> Pile cap beams PCB1/PCB2/PCB3 & column pedestals (B.O.C -2.500 to -0.300) – Zone-1 | L108: =INDEX('4D Schedule'!$AE$6:$AE$156,MATCH($J108,'4D Schedule'!$A$6:$A$156,0)) -> 46107 | M108: =INDEX('4D Schedule'!$AF$6:$AF$156,MATCH($J108,'4D Schedule'!$A$6:$A$156,0)) -> 46123 | N108: =INDEX('4D Schedule'!$AG$6:$AG$156,MATCH($J108,'4D Schedule'!$A$6:$A$156,0)) -> Completed | O108: Split model column at EL(-)0.300 (construction joint)
... A114: CHP-COL-3-E-L0 | B114: Structural Columns | C114: RCC column C9 – pedestal | D114: C9 | E114: 3/E | F114: Z1 | G114: EL(-)2.500 to EL(-)0.300 | H114: 500x600 | I114: O24091-990-C-B-19531-001 | J114: CHP-SUB-040 | K114: =INDEX('4D Schedule'!$C$6:$C$156,MATCH($J114,'4D Schedule'!$A$6:$A$156,0)) -> Pile cap beams PCB1/PCB2/PCB3 & column pedestals (B.O.C -2.500 to -0.300) – Zone-1 | L114: =INDEX('4D Schedule'!$AE$6:$AE$156,MATCH($J114,'4D Schedule'!$A$6:$A$156,0)) -> 46107 | M114: =INDEX('4D Schedule'!$AF$6:$AF$156,MATCH($J114,'4D Schedule'!$A$6:$A$156,0)) -> 46123 | N114: =INDEX('4D Schedule'!$AG$6:$AG$156,MATCH($J114,'4D Schedule'!$A$6:$A$156,0)) -> Completed | O114: Split model column at EL(-)0.300 (construction joint)
A115: CHP-PCB-Z1-01 | B115: Structural Framing (Pile Cap Beam) | C115: Pile cap beam PCB1 | D115: PCB1 | E115: Row E : Grid 2–1 | F115: Z1 | G115: B/O PCB EL(-)2.400 | H115: 300x600 | I115: O24091-990-C-B-19531-001 | J115: CHP-SUB-040 | K115: =INDEX('4D Schedule'!$C$6:$C$156,MATCH($J115,'4D Schedule'!$A$6:$A$156,0)) -> Pile cap beams PCB1/PCB2/PCB3 & column pedestals (B.O.C -2.500 to -0.300) – Zone-1 | L115: =INDEX('4D Schedule'!$AE$6:$AE$156,MATCH($J115,'4D Schedule'!$A$6:$A$156,0)) -> 46107 | M115: =INDEX('4D Schedule'!$AF$6:$AF$156,MATCH($J115,'4D Schedule'!$A$6:$A$156,0)) -> 46123 | N115: =INDEX('4D Schedule'!$AG$6:$AG$156,MATCH($J115,'4D Schedule'!$A$6:$A$156,0)) -> Completed
A116: CHP-PCB-Z1-02 | B116: Structural Framing (Pile Cap Beam) | C116: Pile cap beam PCB1 | D116: PCB1 | E116: Grid 1 : Row E–D.2 | F116: Z1 | G116: B/O PCB EL(-)2.400 | H116: 300x600 | I116: O24091-990-C-B-19531-001 | J116: CHP-SUB-040 | K116: =INDEX('4D Schedule'!$C$6:$C$156,MATCH($J116,'4D Schedule'!$A$6:$A$156,0)) -> Pile cap beams PCB1/PCB2/PCB3 & column pedestals (B.O.C -2.500 to -0.300) – Zone-1 | L116: =INDEX('4D Schedule'!$AE$6:$AE$156,MATCH($J116,'4D Schedule'!$A$6:$A$156,0)) -> 46107 | M116: =INDEX('4D Schedule'!$AF$6:$AF$156,MATCH($J116,'4D Schedule'!$A$6:$A$156,0)) -> 46123 | N116: =INDEX('4D Schedule'!$AG$6:$AG$156,MATCH($J116,'4D Schedule'!$A$6:$A$156,0)) -> Completed
A117: CHP-PCB-Z1-03 | B117: Structural Framing (Pile Cap Beam) | C117: Pile cap beam PCB1 | D117: PCB1 | E117: Grid 1 : Row D–C | F117: Z1 | G117: B/O PCB EL(-)2.400 | H117: 300x600 | I117: O24091-990-C-B-19531-001 | J117: CHP-SUB-040 | K117: =INDEX('4D Schedule'!$C$6:$C$156,MATCH($J117,'4D Schedule'!$A$6:$A$156,0)) -> Pile cap beams PCB1/PCB2/PCB3 & column pedestals (B.O.C -2.500 to -0.300) – Zone-1 | L117: =INDEX('4D Schedule'!$AE$6:$AE$156,MATCH($J117,'4D Schedule'!$A$6:$A$156,0)) -> 46107 | M117: =INDEX('4D Schedule'!$AF$6:$AF$156,MATCH($J117,'4D Schedule'!$A$6:$A$156,0)) -> 46123 | N117: =INDEX('4D Schedule'!$AG$6:$AG$156,MATCH($J117,'4D Schedule'!$A$6:$A$156,0)) -> Completed
A118: CHP-PCB-Z1-04 | B118: Structural Framing (Pile Cap Beam) | C118: Pile cap beam PCB1 | D118: PCB1 | E118: Grid 2 : Row D–C | F118: Z1 | G118: B/O PCB EL(-)2.400 | H118: 300x600 | I118: O24091-990-C-B-19531-001 | J118: CHP-SUB-040 | K118: =INDEX('4D Schedule'!$C$6:$C$156,MATCH($J118,'4D Schedule'!$A$6:$A$156,0)) -> Pile cap beams PCB1/PCB2/PCB3 & column pedestals (B.O.C -2.500 to -0.300) – Zone-1 | L118: =INDEX('4D Schedule'!$AE$6:$AE$156,MATCH($J118,'4D Schedule'!$A$6:$A$156,0)) -> 46107 | M118: =INDEX('4D Schedule'!$AF$6:$AF$156,MATCH($J118,'4D Schedule'!$A$6:$A$156,0)) -> 46123 | N118: =INDEX('4D Schedule'!$AG$6:$AG$156,MATCH($J118,'4D Schedule'!$A$6:$A$156,0)) -> Completed
A119: CHP-PCB-Z1-05 | B119: Structural Framing (Pile Cap Beam) | C119: Pile cap beam PCB1 | D119: PCB1 | E119: Grid 3 : Row D–C | F119: Z1 | G119: B/O PCB EL(-)2.400 | H119: 300x600 | I119: O24091-990-C-B-19531-001 | J119: CHP-SUB-040 | K119: =INDEX('4D Schedule'!$C$6:$C$156,MATCH($J119,'4D Schedule'!$A$6:$A$156,0)) -> Pile cap beams PCB1/PCB2/PCB3 & column pedestals (B.O.C -2.500 to -0.300) – Zone-1 | L119: =INDEX('4D Schedule'!$AE$6:$AE$156,MATCH($J119,'4D Schedule'!$A$6:$A$156,0)) -> 46107 | M119: =INDEX('4D Schedule'!$AF$6:$AF$156,MATCH($J119,'4D Schedule'!$A$6:$A$156,0)) -> 46123 | N119: =INDEX('4D Schedule'!$AG$6:$AG$156,MATCH($J119,'4D Schedule'!$A$6:$A$156,0)) -> Completed
A120: CHP-PCB-Z1-06 | B120: Structural Framing (Pile Cap Beam) | C120: Pile cap beam PCB1 | D120: PCB1 | E120: Row D : Grid 3–2 | F120: Z1 | G120: B/O PCB EL(-)2.400 | H120: 300x600 | I120: O24091-990-C-B-19531-001 | J120: CHP-SUB-040 | K120: =INDEX('4D Schedule'!$C$6:$C$156,MATCH($J120,'4D Schedule'!$A$6:$A$156,0)) -> Pile cap beams PCB1/PCB2/PCB3 & column pedestals (B.O.C -2.500 to -0.300) – Zone-1 | L120: =INDEX('4D Schedule'!$AE$6:$AE$156,MATCH($J120,'4D Schedule'!$A$6:$A$156,0)) -> 46107 | M120: =INDEX('4D Schedule'!$AF$6:$AF$156,MATCH($J120,'4D Schedule'!$A$6:$A$156,0)) -> 46123 | N120: =INDEX('4D Schedule'!$AG$6:$AG$156,MATCH($J120,'4D Schedule'!$A$6:$A$156,0)) -> Completed
A121: CHP-PCB-Z1-07 | B121: Structural Framing (Pile Cap Beam) | C121: Pile cap beam PCB1 | D121: PCB1 | E121: Row C : Grid 3–2 | F121: Z1 | G121: B/O PCB EL(-)2.400 | H121: 300x600 | I121: O24091-990-C-B-19531-001 | J121: CHP-SUB-040 | K121: =INDEX('4D Schedule'!$C$6:$C$156,MATCH($J121,'4D Schedule'!$A$6:$A$156,0)) -> Pile cap beams PCB1/PCB2/PCB3 & column pedestals (B.O.C -2.500 to -0.300) – Zone-1 | L121: =INDEX('4D Schedule'!$AE$6:$AE$156,MATCH($J121,'4D Schedule'!$A$6:$A$156,0)) -> 46107 | M121: =INDEX('4D Schedule'!$AF$6:$AF$156,MATCH($J121,'4D Schedule'!$A$6:$A$156,0)) -> 46123 | N121: =INDEX('4D Schedule'!$AG$6:$AG$156,MATCH($J121,'4D Schedule'!$A$6:$A$156,0)) -> Completed
A122: CHP-PCB-Z1-08 | B122: Structural Framing (Pile Cap Beam) | C122: Pile cap beam PCB1 | D122: PCB1 | E122: Row C : Grid 2–1 | F122: Z1 | G122: B/O PCB EL(-)2.400 | H122: 300x600 | I122: O24091-990-C-B-19531-001 | J122: CHP-SUB-040 | K122: =INDEX('4D Schedule'!$C$6:$C$156,MATCH($J122,'4D Schedule'!$A$6:$A$156,0)) -> Pile cap beams PCB1/PCB2/PCB3 & column pedestals (B.O.C -2.500 to -0.300) – Zone-1 | L122: =INDEX('4D Schedule'!$AE$6:$AE$156,MATCH($J122,'4D Schedule'!$A$6:$A$156,0)) -> 46107 | M122: =INDEX('4D Schedule'!$AF$6:$AF$156,MATCH($J122,'4D Schedule'!$A$6:$A$156,0)) -> 46123 | N122: =INDEX('4D Schedule'!$AG$6:$AG$156,MATCH($J122,'4D Schedule'!$A$6:$A$156,0)) -> Completed
A123: CHP-PCB-Z1-09 | B123: Structural Framing (Pile Cap Beam) | C123: Pile cap beam PCB1 | D123: PCB1 | E123: Row B : Grid 2–1 | F123: Z1 | G123: B/O PCB EL(-)2.400 | H123: 300x600 | I123: O24091-990-C-B-19531-001 | J123: CHP-SUB-040 | K123: =INDEX('4D Schedule'!$C$6:$C$156,MATCH($J123,'4D Schedule'!$A$6:$A$156,0)) -> Pile cap beams PCB1/PCB2/PCB3 & column pedestals (B.O.C -2.500 to -0.300) – Zone-1 | L123: =INDEX('4D Schedule'!$AE$6:$AE$156,MATCH($J123,'4D Schedule'!$A$6:$A$156,0)) -> 46107 | M123: =INDEX('4D Schedule'!$AF$6:$AF$156,MATCH($J123,'4D Schedule'!$A$6:$A$156,0)) -> 46123 | N123: =INDEX('4D Schedule'!$AG$6:$AG$156,MATCH($J123,'4D Schedule'!$A$6:$A$156,0)) -> Completed
A124: CHP-PCB-Z1-10 | B124: Structural Framing (Pile Cap Beam) | C124: Pile cap beam PCB1 | D124: PCB1 | E124: Row A : Grid 2–1 | F124: Z1 | G124: B/O PCB EL(-)2.400 | H124: 300x600 | I124: O24091-990-C-B-19531-001 | J124: CHP-SUB-040 | K124: =INDEX('4D Schedule'!$C$6:$C$156,MATCH($J124,'4D Schedule'!$A$6:$A$156,0)) -> Pile cap beams PCB1/PCB2/PCB3 & column pedestals (B.O.C -2.500 to -0.300) – Zone-1 | L124: =INDEX('4D Schedule'!$AE$6:$AE$156,MATCH($J124,'4D Schedule'!$A$6:$A$156,0)) -> 46107 | M124: =INDEX('4D Schedule'!$AF$6:$AF$156,MATCH($J124,'4D Schedule'!$A$6:$A$156,0)) -> 46123 | N124: =INDEX('4D Schedule'!$AG$6:$AG$156,MATCH($J124,'4D Schedule'!$A$6:$A$156,0)) -> Completed
A125: CHP-PCB-Z1-11 | B125: Structural Framing (Pile Cap Beam) | C125: Pile cap beam PCB2 | D125: PCB2 | E125: Grid 3 : Row B–A | F125: Z1 | G125: B/O PCB EL(-)2.400 | H125: 300x600 | I125: O24091-990-C-B-19531-001 | J125: CHP-SUB-040 | K125: =INDEX('4D Schedule'!$C$6:$C$156,MATCH($J125,'4D Schedule'!$A$6:$A$156,0)) -> Pile cap beams PCB1/PCB2/PCB3 & column pedestals (B.O.C -2.500 to -0.300) – Zone-1 | L125: =INDEX('4D Schedule'!$AE$6:$AE$156,MATCH($J125,'4D Schedule'!$A$6:$A$156,0)) -> 46107 | M125: =INDEX('4D Schedule'!$AF$6:$AF$156,MATCH($J125,'4D Schedule'!$A$6:$A$156,0)) -> 46123 | N125: =INDEX('4D Schedule'!$AG$6:$AG$156,MATCH($J125,'4D Schedule'!$A$6:$A$156,0)) -> Completed
A126: CHP-PCB-Z1-12 | B126: Structural Framing (Pile Cap Beam) | C126: Pile cap beam PCB2 | D126: PCB2 | E126: Grid 2 : Row B–A | F126: Z1 | G126: B/O PCB EL(-)2.400 | H126: 300x600 | I126: O24091-990-C-B-19531-001 | J126: CHP-SUB-040 | K126: =INDEX('4D Schedule'!$C$6:$C$156,MATCH($J126,'4D Schedule'!$A$6:$A$156,0)) -> Pile cap beams PCB1/PCB2/PCB3 & column pedestals (B.O.C -2.500 to -0.300) – Zone-1 | L126: =INDEX('4D Schedule'!$AE$6:$AE$156,MATCH($J126,'4D Schedule'!$A$6:$A$156,0)) -> 46107 | M126: =INDEX('4D Schedule'!$AF$6:$AF$156,MATCH($J126,'4D Schedule'!$A$6:$A$156,0)) -> 46123 | N126: =INDEX('4D Schedule'!$AG$6:$AG$156,MATCH($J126,'4D Schedule'!$A$6:$A$156,0)) -> Completed
... A128: CHP-PCB-Z1-14 | B128: Structural Framing (Pile Cap Beam) | C128: Pile cap beam PCB3 | D128: PCB3 | E128: Grid 1 : SC1–Row A | F128: Z1 | G128: B/O PCB EL(-)2.400 | H128: 600x600 | I128: O24091-990-C-B-19531-001 | J128: CHP-SUB-040 | K128: =INDEX('4D Schedule'!$C$6:$C$156,MATCH($J128,'4D Schedule'!$A$6:$A$156,0)) -> Pile cap beams PCB1/PCB2/PCB3 & column pedestals (B.O.C -2.500 to -0.300) – Zone-1 | L128: =INDEX('4D Schedule'!$AE$6:$AE$156,MATCH($J128,'4D Schedule'!$A$6:$A$156,0)) -> 46107 | M128: =INDEX('4D Schedule'!$AF$6:$AF$156,MATCH($J128,'4D Schedule'!$A$6:$A$156,0)) -> 46123 | N128: =INDEX('4D Schedule'!$AG$6:$AG$156,MATCH($J128,'4D Schedule'!$A$6:$A$156,0)) -> Completed
A129: CHP-COL-4-A-L0 | B129: Structural Columns | C129: RCC column C4 – pedestal | D129: C4 | E129: 4/A | F129: Z2 | G129: EL(-)2.500 to EL(-)0.300 | H129: 400x600 | I129: O24091-990-C-B-19531-001 | J129: CHP-SUB-050 | K129: =INDEX('4D Schedule'!$C$6:$C$156,MATCH($J129,'4D Schedule'!$A$6:$A$156,0)) -> Pile cap beams PCB1/PCB2 & column pedestals – Zone-2 | L129: =INDEX('4D Schedule'!$AE$6:$AE$156,MATCH($J129,'4D Schedule'!$A$6:$A$156,0)) -> 46116 | M129: =INDEX('4D Schedule'!$AF$6:$AF$156,MATCH($J129,'4D Schedule'!$A$6:$A$156,0)) -> 46129 | N129: =INDEX('4D Schedule'!$AG$6:$AG$156,MATCH($J129,'4D Schedule'!$A$6:$A$156,0)) -> Completed | O129: Split model column at EL(-)0.300 (construction joint)
A130: CHP-COL-4-B-L0 | B130: Structural Columns | C130: RCC column C4 – pedestal | D130: C4 | E130: 4/B | F130: Z2 | G130: EL(-)2.500 to EL(-)0.300 | H130: 400x600 | I130: O24091-990-C-B-19531-001 | J130: CHP-SUB-050 | K130: =INDEX('4D Schedule'!$C$6:$C$156,MATCH($J130,'4D Schedule'!$A$6:$A$156,0)) -> Pile cap beams PCB1/PCB2 & column pedestals – Zone-2 | L130: =INDEX('4D Schedule'!$AE$6:$AE$156,MATCH($J130,'4D Schedule'!$A$6:$A$156,0)) -> 46116 | M130: =INDEX('4D Schedule'!$AF$6:$AF$156,MATCH($J130,'4D Schedule'!$A$6:$A$156,0)) -> 46129 | N130: =INDEX('4D Schedule'!$AG$6:$AG$156,MATCH($J130,'4D Schedule'!$A$6:$A$156,0)) -> Completed | O130: Split model column at EL(-)0.300 (construction joint)
A131: CHP-COL-4-C-L0 | B131: Structural Columns | C131: RCC column C5 – pedestal | D131: C5 | E131: 4/C | F131: Z2 | G131: EL(-)2.500 to EL(-)0.300 | H131: 400x600 | I131: O24091-990-C-B-19531-001 | J131: CHP-SUB-050 | K131: =INDEX('4D Schedule'!$C$6:$C$156,MATCH($J131,'4D Schedule'!$A$6:$A$156,0)) -> Pile cap beams PCB1/PCB2 & column pedestals – Zone-2 | L131: =INDEX('4D Schedule'!$AE$6:$AE$156,MATCH($J131,'4D Schedule'!$A$6:$A$156,0)) -> 46116 | M131: =INDEX('4D Schedule'!$AF$6:$AF$156,MATCH($J131,'4D Schedule'!$A$6:$A$156,0)) -> 46129 | N131: =INDEX('4D Schedule'!$AG$6:$AG$156,MATCH($J131,'4D Schedule'!$A$6:$A$156,0)) -> Completed | O131: Split model column at EL(-)0.300 (construction joint)
A132: CHP-COL-4-D-L0 | B132: Structural Columns | C132: RCC column C8 – pedestal | D132: C8 | E132: 4/D | F132: Z2 | G132: EL(-)2.500 to EL(-)0.300 | H132: 500x600 | I132: O24091-990-C-B-19531-001 | J132: CHP-SUB-050 | K132: =INDEX('4D Schedule'!$C$6:$C$156,MATCH($J132,'4D Schedule'!$A$6:$A$156,0)) -> Pile cap beams PCB1/PCB2 & column pedestals – Zone-2 | L132: =INDEX('4D Schedule'!$AE$6:$AE$156,MATCH($J132,'4D Schedule'!$A$6:$A$156,0)) -> 46116 | M132: =INDEX('4D Schedule'!$AF$6:$AF$156,MATCH($J132,'4D Schedule'!$A$6:$A$156,0)) -> 46129 | N132: =INDEX('4D Schedule'!$AG$6:$AG$156,MATCH($J132,'4D Schedule'!$A$6:$A$156,0)) -> Completed | O132: Split model column at EL(-)0.300 (construction joint)
A133: CHP-COL-4-E-L0 | B133: Structural Columns | C133: RCC column C9 – pedestal | D133: C9 | E133: 4/E | F133: Z2 | G133: EL(-)2.500 to EL(-)0.300 | H133: 500x600 | I133: O24091-990-C-B-19531-001 | J133: CHP-SUB-050 | K133: =INDEX('4D Schedule'!$C$6:$C$156,MATCH($J133,'4D Schedule'!$A$6:$A$156,0)) -> Pile cap beams PCB1/PCB2 & column pedestals – Zone-2 | L133: =INDEX('4D Schedule'!$AE$6:$AE$156,MATCH($J133,'4D Schedule'!$A$6:$A$156,0)) -> 46116 | M133: =INDEX('4D Schedule'!$AF$6:$AF$156,MATCH($J133,'4D Schedule'!$A$6:$A$156,0)) -> 46129 | N133: =INDEX('4D Schedule'!$AG$6:$AG$156,MATCH($J133,'4D Schedule'!$A$6:$A$156,0)) -> Completed | O133: Split model column at EL(-)0.300 (construction joint)
A134: CHP-COL-5-A-L0 | B134: Structural Columns | C134: RCC column C3 – pedestal | D134: C3 | E134: 5/A | F134: Z2 | G134: EL(-)2.500 to EL(-)0.300 | H134: 500x600 | I134: O24091-990-C-B-19531-001 | J134: CHP-SUB-050 | K134: =INDEX('4D Schedule'!$C$6:$C$156,MATCH($J134,'4D Schedule'!$A$6:$A$156,0)) -> Pile cap beams PCB1/PCB2 & column pedestals – Zone-2 | L134: =INDEX('4D Schedule'!$AE$6:$AE$156,MATCH($J134,'4D Schedule'!$A$6:$A$156,0)) -> 46116 | M134: =INDEX('4D Schedule'!$AF$6:$AF$156,MATCH($J134,'4D Schedule'!$A$6:$A$156,0)) -> 46129 | N134: =INDEX('4D Schedule'!$AG$6:$AG$156,MATCH($J134,'4D Schedule'!$A$6:$A$156,0)) -> Completed | O134: Split model column at EL(-)0.300 (construction joint)
A135: CHP-COL-5-B-L0 | B135: Structural Columns | C135: RCC column C6 – pedestal | D135: C6 | E135: 5/B | F135: Z2 | G135: EL(-)2.500 to EL(-)0.300 | H135: 500x600 | I135: O24091-990-C-B-19531-001 | J135: CHP-SUB-050 | K135: =INDEX('4D Schedule'!$C$6:$C$156,MATCH($J135,'4D Schedule'!$A$6:$A$156,0)) -> Pile cap beams PCB1/PCB2 & column pedestals – Zone-2 | L135: =INDEX('4D Schedule'!$AE$6:$AE$156,MATCH($J135,'4D Schedule'!$A$6:$A$156,0)) -> 46116 | M135: =INDEX('4D Schedule'!$AF$6:$AF$156,MATCH($J135,'4D Schedule'!$A$6:$A$156,0)) -> 46129 | N135: =INDEX('4D Schedule'!$AG$6:$AG$156,MATCH($J135,'4D Schedule'!$A$6:$A$156,0)) -> Completed | O135: Split model column at EL(-)0.300 (construction joint)
A136: CHP-COL-5-C-L0 | B136: Structural Columns | C136: RCC column C6 – pedestal | D136: C6 | E136: 5/C | F136: Z2 | G136: EL(-)2.500 to EL(-)0.300 | H136: 500x600 | I136: O24091-990-C-B-19531-001 | J136: CHP-SUB-050 | K136: =INDEX('4D Schedule'!$C$6:$C$156,MATCH($J136,'4D Schedule'!$A$6:$A$156,0)) -> Pile cap beams PCB1/PCB2 & column pedestals – Zone-2 | L136: =INDEX('4D Schedule'!$AE$6:$AE$156,MATCH($J136,'4D Schedule'!$A$6:$A$156,0)) -> 46116 | M136: =INDEX('4D Schedule'!$AF$6:$AF$156,MATCH($J136,'4D Schedule'!$A$6:$A$156,0)) -> 46129 | N136: =INDEX('4D Schedule'!$AG$6:$AG$156,MATCH($J136,'4D Schedule'!$A$6:$A$156,0)) -> Completed | O136: Split model column at EL(-)0.300 (construction joint)
A137: CHP-COL-5-D-L0 | B137: Structural Columns | C137: RCC column C8 – pedestal | D137: C8 | E137: 5/D | F137: Z2 | G137: EL(-)2.500 to EL(-)0.300 | H137: 500x600 | I137: O24091-990-C-B-19531-001 | J137: CHP-SUB-050 | K137: =INDEX('4D Schedule'!$C$6:$C$156,MATCH($J137,'4D Schedule'!$A$6:$A$156,0)) -> Pile cap beams PCB1/PCB2 & column pedestals – Zone-2 | L137: =INDEX('4D Schedule'!$AE$6:$AE$156,MATCH($J137,'4D Schedule'!$A$6:$A$156,0)) -> 46116 | M137: =INDEX('4D Schedule'!$AF$6:$AF$156,MATCH($J137,'4D Schedule'!$A$6:$A$156,0)) -> 46129 | N137: =INDEX('4D Schedule'!$AG$6:$AG$156,MATCH($J137,'4D Schedule'!$A$6:$A$156,0)) -> Completed | O137: Split model column at EL(-)0.300 (construction joint)
A138: CHP-COL-5-E-L0 | B138: Structural Columns | C138: RCC column C9 – pedestal | D138: C9 | E138: 5/E | F138: Z2 | G138: EL(-)2.500 to EL(-)0.300 | H138: 500x600 | I138: O24091-990-C-B-19531-001 | J138: CHP-SUB-050 | K138: =INDEX('4D Schedule'!$C$6:$C$156,MATCH($J138,'4D Schedule'!$A$6:$A$156,0)) -> Pile cap beams PCB1/PCB2 & column pedestals – Zone-2 | L138: =INDEX('4D Schedule'!$AE$6:$AE$156,MATCH($J138,'4D Schedule'!$A$6:$A$156,0)) -> 46116 | M138: =INDEX('4D Schedule'!$AF$6:$AF$156,MATCH($J138,'4D Schedule'!$A$6:$A$156,0)) -> 46129 | N138: =INDEX('4D Schedule'!$AG$6:$AG$156,MATCH($J138,'4D Schedule'!$A$6:$A$156,0)) -> Completed | O138: Split model column at EL(-)0.300 (construction joint)
A139: CHP-PCB-Z2-01 | B139: Structural Framing (Pile Cap Beam) | C139: Pile cap beam PCB1 | D139: PCB1 | E139: Row D : Grid 5–4 | F139: Z2 | G139: B/O PCB EL(-)2.400 | H139: 300x600 | I139: O24091-990-C-B-19531-001 | J139: CHP-SUB-050 | K139: =INDEX('4D Schedule'!$C$6:$C$156,MATCH($J139,'4D Schedule'!$A$6:$A$156,0)) -> Pile cap beams PCB1/PCB2 & column pedestals – Zone-2 | L139: =INDEX('4D Schedule'!$AE$6:$AE$156,MATCH($J139,'4D Schedule'!$A$6:$A$156,0)) -> 46116 | M139: =INDEX('4D Schedule'!$AF$6:$AF$156,MATCH($J139,'4D Schedule'!$A$6:$A$156,0)) -> 46129 | N139: =INDEX('4D Schedule'!$AG$6:$AG$156,MATCH($J139,'4D Schedule'!$A$6:$A$156,0)) -> Completed
A140: CHP-PCB-Z2-02 | B140: Structural Framing (Pile Cap Beam) | C140: Pile cap beam PCB1 | D140: PCB1 | E140: Grid 4 : Row D–C | F140: Z2 | G140: B/O PCB EL(-)2.400 | H140: 300x600 | I140: O24091-990-C-B-19531-001 | J140: CHP-SUB-050 | K140: =INDEX('4D Schedule'!$C$6:$C$156,MATCH($J140,'4D Schedule'!$A$6:$A$156,0)) -> Pile cap beams PCB1/PCB2 & column pedestals – Zone-2 | L140: =INDEX('4D Schedule'!$AE$6:$AE$156,MATCH($J140,'4D Schedule'!$A$6:$A$156,0)) -> 46116 | M140: =INDEX('4D Schedule'!$AF$6:$AF$156,MATCH($J140,'4D Schedule'!$A$6:$A$156,0)) -> 46129 | N140: =INDEX('4D Schedule'!$AG$6:$AG$156,MATCH($J140,'4D Schedule'!$A$6:$A$156,0)) -> Completed
A141: CHP-PCB-Z2-03 | B141: Structural Framing (Pile Cap Beam) | C141: Pile cap beam PCB1 | D141: PCB1 | E141: Grid 5 : Row D–C | F141: Z2 | G141: B/O PCB EL(-)2.400 | H141: 300x600 | I141: O24091-990-C-B-19531-001 | J141: CHP-SUB-050 | K141: =INDEX('4D Schedule'!$C$6:$C$156,MATCH($J141,'4D Schedule'!$A$6:$A$156,0)) -> Pile cap beams PCB1/PCB2 & column pedestals – Zone-2 | L141: =INDEX('4D Schedule'!$AE$6:$AE$156,MATCH($J141,'4D Schedule'!$A$6:$A$156,0)) -> 46116 | M141: =INDEX('4D Schedule'!$AF$6:$AF$156,MATCH($J141,'4D Schedule'!$A$6:$A$156,0)) -> 46129 | N141: =INDEX('4D Schedule'!$AG$6:$AG$156,MATCH($J141,'4D Schedule'!$A$6:$A$156,0)) -> Completed
A142: CHP-PCB-Z2-04 | B142: Structural Framing (Pile Cap Beam) | C142: Pile cap beam PCB1 | D142: PCB1 | E142: Row C : Grid 5–4 | F142: Z2 | G142: B/O PCB EL(-)2.400 | H142: 300x600 | I142: O24091-990-C-B-19531-001 | J142: CHP-SUB-050 | K142: =INDEX('4D Schedule'!$C$6:$C$156,MATCH($J142,'4D Schedule'!$A$6:$A$156,0)) -> Pile cap beams PCB1/PCB2 & column pedestals – Zone-2 | L142: =INDEX('4D Schedule'!$AE$6:$AE$156,MATCH($J142,'4D Schedule'!$A$6:$A$156,0)) -> 46116 | M142: =INDEX('4D Schedule'!$AF$6:$AF$156,MATCH($J142,'4D Schedule'!$A$6:$A$156,0)) -> 46129 | N142: =INDEX('4D Schedule'!$AG$6:$AG$156,MATCH($J142,'4D Schedule'!$A$6:$A$156,0)) -> Completed
A143: CHP-PCB-Z2-05 | B143: Structural Framing (Pile Cap Beam) | C143: Pile cap beam PCB1 | D143: PCB1 | E143: Row C : Grid 4–3 | F143: Z2 | G143: B/O PCB EL(-)2.400 | H143: 300x600 | I143: O24091-990-C-B-19531-001 | J143: CHP-SUB-050 | K143: =INDEX('4D Schedule'!$C$6:$C$156,MATCH($J143,'4D Schedule'!$A$6:$A$156,0)) -> Pile cap beams PCB1/PCB2 & column pedestals – Zone-2 | L143: =INDEX('4D Schedule'!$AE$6:$AE$156,MATCH($J143,'4D Schedule'!$A$6:$A$156,0)) -> 46116 | M143: =INDEX('4D Schedule'!$AF$6:$AF$156,MATCH($J143,'4D Schedule'!$A$6:$A$156,0)) -> 46129 | N143: =INDEX('4D Schedule'!$AG$6:$AG$156,MATCH($J143,'4D Schedule'!$A$6:$A$156,0)) -> Completed
A144: CHP-PCB-Z2-06 | B144: Structural Framing (Pile Cap Beam) | C144: Pile cap beam PCB1 | D144: PCB1 | E144: Row B : Grid 4–3 | F144: Z2 | G144: B/O PCB EL(-)2.400 | H144: 300x600 | I144: O24091-990-C-B-19531-001 | J144: CHP-SUB-050 | K144: =INDEX('4D Schedule'!$C$6:$C$156,MATCH($J144,'4D Schedule'!$A$6:$A$156,0)) -> Pile cap beams PCB1/PCB2 & column pedestals – Zone-2 | L144: =INDEX('4D Schedule'!$AE$6:$AE$156,MATCH($J144,'4D Schedule'!$A$6:$A$156,0)) -> 46116 | M144: =INDEX('4D Schedule'!$AF$6:$AF$156,MATCH($J144,'4D Schedule'!$A$6:$A$156,0)) -> 46129 | N144: =INDEX('4D Schedule'!$AG$6:$AG$156,MATCH($J144,'4D Schedule'!$A$6:$A$156,0)) -> Completed
A145: CHP-PCB-Z2-07 | B145: Structural Framing (Pile Cap Beam) | C145: Pile cap beam PCB1 | D145: PCB1 | E145: Row A : Grid 4–3 | F145: Z2 | G145: B/O PCB EL(-)2.400 | H145: 300x600 | I145: O24091-990-C-B-19531-001 | J145: CHP-SUB-050 | K145: =INDEX('4D Schedule'!$C$6:$C$156,MATCH($J145,'4D Schedule'!$A$6:$A$156,0)) -> Pile cap beams PCB1/PCB2 & column pedestals – Zone-2 | L145: =INDEX('4D Schedule'!$AE$6:$AE$156,MATCH($J145,'4D Schedule'!$A$6:$A$156,0)) -> 46116 | M145: =INDEX('4D Schedule'!$AF$6:$AF$156,MATCH($J145,'4D Schedule'!$A$6:$A$156,0)) -> 46129 | N145: =INDEX('4D Schedule'!$AG$6:$AG$156,MATCH($J145,'4D Schedule'!$A$6:$A$156,0)) -> Completed
